/*
SQLyog Trial v13.1.8 (64 bit)
MySQL - 8.0.25 : Database - tianshu_demo
*********************************************************************
*/

/*!40101 SET NAMES utf8 */;

/*!40101 SET SQL_MODE=''*/;

/*!40014 SET @OLD_UNIQUE_CHECKS=@@UNIQUE_CHECKS, UNIQUE_CHECKS=0 */;
/*!40101 SET @OLD_SQL_MODE=@@SQL_MODE, SQL_MODE='NO_AUTO_VALUE_ON_ZERO' */;
/*!40111 SET @OLD_SQL_NOTES=@@SQL_NOTES, SQL_NOTES=0 */;
CREATE DATABASE /*!32312 IF NOT EXISTS*/`tianshu_demo` /*!40100 DEFAULT CHARACTER SET utf8mb4 COLLATE utf8mb4_0900_ai_ci */ /*!80016 DEFAULT ENCRYPTION='N' */;

USE `tianshu_demo`;

/*Table structure for table `crm_city_tbl` */

DROP TABLE IF EXISTS `crm_city_tbl`;

CREATE TABLE `crm_city_tbl` (
  `city_id` bigint NOT NULL AUTO_INCREMENT COMMENT '行政区划代码',
  `region_code` int NOT NULL COMMENT '行政区划代码',
  `region_name` varchar(256) NOT NULL COMMENT '行政区划名称',
  `region_level` int NOT NULL COMMENT '行政区划等级',
  `parent_region_code` int NOT NULL COMMENT '上级行政区划代码',
  PRIMARY KEY (`city_id`)
) ENGINE=InnoDB AUTO_INCREMENT=3511 DEFAULT CHARSET=utf8mb4 COLLATE=utf8mb4_0900_ai_ci;

/*Data for the table `crm_city_tbl` */

insert  into `crm_city_tbl`(`city_id`,`region_code`,`region_name`,`region_level`,`parent_region_code`) values 
(1,110000,'北京市',1,110000),
(3,110101,'东城区',3,110100),
(4,110102,'西城区',3,110100),
(5,110105,'朝阳区',3,110100),
(6,110106,'丰台区',3,110100),
(7,110107,'石景山区',3,110100),
(8,110108,'海淀区',3,110100),
(9,110109,'门头沟区',3,110100),
(10,110111,'房山区',3,110100),
(11,110112,'通州区',3,110100),
(12,110113,'顺义区',3,110100),
(13,110114,'昌平区',3,110100),
(14,110115,'大兴区',3,110100),
(15,110116,'怀柔区',3,110100),
(16,110117,'平谷区',3,110100),
(18,110228,'密云县',3,110200),
(19,110229,'延庆县',3,110200),
(20,120000,'天津市',1,120000),
(22,120101,'和平区',3,120100),
(23,120102,'河东区',3,120100),
(24,120103,'河西区',3,120100),
(25,120104,'南开区',3,120100),
(26,120105,'河北区',3,120100),
(27,120106,'红桥区',3,120100),
(28,120110,'东丽区',3,120100),
(29,120111,'西青区',3,120100),
(30,120112,'津南区',3,120100),
(31,120113,'北辰区',3,120100),
(32,120114,'武清区',3,120100),
(33,120115,'宝坻区',3,120100),
(34,120116,'滨海新区',3,120100),
(36,120221,'宁河县',3,120200),
(37,120223,'静海县',3,120200),
(38,120225,'蓟县',3,120200),
(39,130000,'河北省',1,0),
(40,130100,'石家庄市',2,130000),
(42,130102,'长安区',3,130100),
(43,130103,'桥东区',3,130100),
(44,130104,'桥西区',3,130100),
(45,130105,'新华区',3,130100),
(46,130107,'井陉矿区',3,130100),
(47,130108,'裕华区',3,130100),
(48,130121,'井陉县',3,130100),
(49,130123,'正定县',3,130100),
(50,130124,'栾城县',3,130100),
(51,130125,'行唐县',3,130100),
(52,130126,'灵寿县',3,130100),
(53,130127,'高邑县',3,130100),
(54,130128,'深泽县',3,130100),
(55,130129,'赞皇县',3,130100),
(56,130130,'无极县',3,130100),
(57,130131,'平山县',3,130100),
(58,130132,'元氏县',3,130100),
(59,130133,'赵县',3,130100),
(60,130181,'辛集市',3,130200),
(61,130182,'藁城市',3,130200),
(62,130183,'晋州市',3,130200),
(63,130184,'新乐市',3,130200),
(64,130185,'鹿泉市',3,130200),
(65,130200,'唐山市',2,130000),
(67,130202,'路南区',3,130200),
(68,130203,'路北区',3,130200),
(69,130204,'古冶区',3,130200),
(70,130205,'开平区',3,130200),
(71,130207,'丰南区',3,130200),
(72,130208,'丰润区',3,130200),
(73,130209,'曹妃甸区',3,130200),
(74,130223,'滦县',3,130200),
(75,130224,'滦南县',3,130200),
(76,130225,'乐亭县',3,130200),
(77,130227,'迁西县',3,130200),
(78,130229,'玉田县',3,130200),
(79,130281,'遵化市',3,130300),
(80,130283,'迁安市',3,130300),
(81,130300,'秦皇岛市',2,130000),
(83,130302,'海港区',3,130300),
(84,130303,'山海关区',3,130300),
(85,130304,'北戴河区',3,130300),
(86,130321,'青龙满族自治县',3,130300),
(87,130322,'昌黎县',3,130300),
(88,130323,'抚宁县',3,130300),
(89,130324,'卢龙县',3,130300),
(90,130400,'邯郸市',2,130000),
(92,130402,'邯山区',3,130400),
(93,130403,'丛台区',3,130400),
(94,130404,'复兴区',3,130400),
(95,130406,'峰峰矿区',3,130400),
(96,130421,'邯郸县',3,130400),
(97,130423,'临漳县',3,130400),
(98,130424,'成安县',3,130400),
(99,130425,'大名县',3,130400),
(100,130426,'涉县',3,130400),
(101,130427,'磁县',3,130400),
(102,130428,'肥乡县',3,130400),
(103,130429,'永年县',3,130400),
(104,130430,'邱县',3,130400),
(105,130431,'鸡泽县',3,130400),
(106,130432,'广平县',3,130400),
(107,130433,'馆陶县',3,130400),
(108,130434,'魏县',3,130400),
(109,130435,'曲周县',3,130400),
(110,130481,'武安市',3,130500),
(111,130500,'邢台市',2,130000),
(113,130502,'桥东区',3,130500),
(114,130503,'桥西区',3,130500),
(115,130521,'邢台县',3,130500),
(116,130522,'临城县',3,130500),
(117,130523,'内丘县',3,130500),
(118,130524,'柏乡县',3,130500),
(119,130525,'隆尧县',3,130500),
(120,130526,'任县',3,130500),
(121,130527,'南和县',3,130500),
(122,130528,'宁晋县',3,130500),
(123,130529,'巨鹿县',3,130500),
(124,130530,'新河县',3,130500),
(125,130531,'广宗县',3,130500),
(126,130532,'平乡县',3,130500),
(127,130533,'威县',3,130500),
(128,130534,'清河县',3,130500),
(129,130535,'临西县',3,130500),
(130,130581,'南宫市',3,130600),
(131,130582,'沙河市',3,130600),
(132,130600,'保定市',2,130000),
(134,130602,'新市区',3,130600),
(135,130603,'北市区',3,130600),
(136,130604,'南市区',3,130600),
(137,130621,'满城县',3,130600),
(138,130622,'清苑县',3,130600),
(139,130623,'涞水县',3,130600),
(140,130624,'阜平县',3,130600),
(141,130625,'徐水县',3,130600),
(142,130626,'定兴县',3,130600),
(143,130627,'唐县',3,130600),
(144,130628,'高阳县',3,130600),
(145,130629,'容城县',3,130600),
(146,130630,'涞源县',3,130600),
(147,130631,'望都县',3,130600),
(148,130632,'安新县',3,130600),
(149,130633,'易县',3,130600),
(150,130634,'曲阳县',3,130600),
(151,130635,'蠡县',3,130600),
(152,130636,'顺平县',3,130600),
(153,130637,'博野县',3,130600),
(154,130638,'雄县',3,130600),
(155,130681,'涿州市',3,130700),
(156,130682,'定州市',3,130700),
(157,130683,'安国市',3,130700),
(158,130684,'高碑店市',3,130700),
(159,130700,'张家口市',2,130000),
(161,130702,'桥东区',3,130700),
(162,130703,'桥西区',3,130700),
(163,130705,'宣化区',3,130700),
(164,130706,'下花园区',3,130700),
(165,130721,'宣化县',3,130700),
(166,130722,'张北县',3,130700),
(167,130723,'康保县',3,130700),
(168,130724,'沽源县',3,130700),
(169,130725,'尚义县',3,130700),
(170,130726,'蔚县',3,130700),
(171,130727,'阳原县',3,130700),
(172,130728,'怀安县',3,130700),
(173,130729,'万全县',3,130700),
(174,130730,'怀来县',3,130700),
(175,130731,'涿鹿县',3,130700),
(176,130732,'赤城县',3,130700),
(177,130733,'崇礼县',3,130700),
(178,130800,'承德市',2,130000),
(180,130802,'双桥区',3,130800),
(181,130803,'双滦区',3,130800),
(182,130804,'鹰手营子矿区',3,130800),
(183,130821,'承德县',3,130800),
(184,130822,'兴隆县',3,130800),
(185,130823,'平泉县',3,130800),
(186,130824,'滦平县',3,130800),
(187,130825,'隆化县',3,130800),
(188,130826,'丰宁满族自治县',3,130800),
(189,130827,'宽城满族自治县',3,130800),
(190,130828,'围场满族蒙古族自治县',3,130800),
(191,130900,'沧州市',2,130000),
(193,130902,'新华区',3,130900),
(194,130903,'运河区',3,130900),
(195,130921,'沧县',3,130900),
(196,130922,'青县',3,130900),
(197,130923,'东光县',3,130900),
(198,130924,'海兴县',3,130900),
(199,130925,'盐山县',3,130900),
(200,130926,'肃宁县',3,130900),
(201,130927,'南皮县',3,130900),
(202,130928,'吴桥县',3,130900),
(203,130929,'献县',3,130900),
(204,130930,'孟村回族自治县',3,130900),
(205,130981,'泊头市',3,131000),
(206,130982,'任丘市',3,131000),
(207,130983,'黄骅市',3,131000),
(208,130984,'河间市',3,131000),
(209,131000,'廊坊市',2,130000),
(211,131002,'安次区',3,131000),
(212,131003,'广阳区',3,131000),
(213,131022,'固安县',3,131000),
(214,131023,'永清县',3,131000),
(215,131024,'香河县',3,131000),
(216,131025,'大城县',3,131000),
(217,131026,'文安县',3,131000),
(218,131028,'大厂回族自治县',3,131000),
(219,131081,'霸州市',3,131100),
(220,131082,'三河市',3,131100),
(221,131100,'衡水市',2,130000),
(223,131102,'桃城区',3,131100),
(224,131121,'枣强县',3,131100),
(225,131122,'武邑县',3,131100),
(226,131123,'武强县',3,131100),
(227,131124,'饶阳县',3,131100),
(228,131125,'安平县',3,131100),
(229,131126,'故城县',3,131100),
(230,131127,'景县',3,131100),
(231,131128,'阜城县',3,131100),
(232,131181,'冀州市',3,131200),
(233,131182,'深州市',3,131200),
(234,140000,'山西省',1,0),
(235,140100,'太原市',2,140000),
(237,140105,'小店区',3,140100),
(238,140106,'迎泽区',3,140100),
(239,140107,'杏花岭区',3,140100),
(240,140108,'尖草坪区',3,140100),
(241,140109,'万柏林区',3,140100),
(242,140110,'晋源区',3,140100),
(243,140121,'清徐县',3,140100),
(244,140122,'阳曲县',3,140100),
(245,140123,'娄烦县',3,140100),
(246,140181,'古交市',3,140200),
(247,140200,'大同市',2,140000),
(249,140202,'城区',3,140200),
(250,140203,'矿区',3,140200),
(251,140211,'南郊区',3,140200),
(252,140212,'新荣区',3,140200),
(253,140221,'阳高县',3,140200),
(254,140222,'天镇县',3,140200),
(255,140223,'广灵县',3,140200),
(256,140224,'灵丘县',3,140200),
(257,140225,'浑源县',3,140200),
(258,140226,'左云县',3,140200),
(259,140227,'大同县',3,140200),
(260,140300,'阳泉市',2,140000),
(262,140302,'城区',3,140300),
(263,140303,'矿区',3,140300),
(264,140311,'郊区',3,140300),
(265,140321,'平定县',3,140300),
(266,140322,'盂县',3,140300),
(267,140400,'长治市',2,140000),
(269,140402,'城区',3,140400),
(270,140411,'郊区',3,140400),
(271,140421,'长治县',3,140400),
(272,140423,'襄垣县',3,140400),
(273,140424,'屯留县',3,140400),
(274,140425,'平顺县',3,140400),
(275,140426,'黎城县',3,140400),
(276,140427,'壶关县',3,140400),
(277,140428,'长子县',3,140400),
(278,140429,'武乡县',3,140400),
(279,140430,'沁县',3,140400),
(280,140431,'沁源县',3,140400),
(281,140481,'潞城市',3,140500),
(282,140500,'晋城市',2,140000),
(283,140501,'晋城市市辖区',3,140500),
(284,140502,'城区',3,140500),
(285,140521,'沁水县',3,140500),
(286,140522,'阳城县',3,140500),
(287,140524,'陵川县',3,140500),
(288,140525,'泽州县',3,140500),
(289,140581,'高平市',3,140600),
(290,140600,'朔州市',2,140000),
(292,140602,'朔城区',3,140600),
(293,140603,'平鲁区',3,140600),
(294,140621,'山阴县',3,140600),
(295,140622,'应县',3,140600),
(296,140623,'右玉县',3,140600),
(297,140624,'怀仁县',3,140600),
(298,140700,'晋中市',2,140000),
(300,140702,'榆次区',3,140700),
(301,140721,'榆社县',3,140700),
(302,140722,'左权县',3,140700),
(303,140723,'和顺县',3,140700),
(304,140724,'昔阳县',3,140700),
(305,140725,'寿阳县',3,140700),
(306,140726,'太谷县',3,140700),
(307,140727,'祁县',3,140700),
(308,140728,'平遥县',3,140700),
(309,140729,'灵石县',3,140700),
(310,140781,'介休市',3,140800),
(311,140800,'运城市',2,140000),
(313,140802,'盐湖区',3,140800),
(314,140821,'临猗县',3,140800),
(315,140822,'万荣县',3,140800),
(316,140823,'闻喜县',3,140800),
(317,140824,'稷山县',3,140800),
(318,140825,'新绛县',3,140800),
(319,140826,'绛县',3,140800),
(320,140827,'垣曲县',3,140800),
(321,140828,'夏县',3,140800),
(322,140829,'平陆县',3,140800),
(323,140830,'芮城县',3,140800),
(324,140881,'永济市',3,140900),
(325,140882,'河津市',3,140900),
(326,140900,'忻州市',2,140000),
(328,140902,'忻府区',3,140900),
(329,140921,'定襄县',3,140900),
(330,140922,'五台县',3,140900),
(331,140923,'代县',3,140900),
(332,140924,'繁峙县',3,140900),
(333,140925,'宁武县',3,140900),
(334,140926,'静乐县',3,140900),
(335,140927,'神池县',3,140900),
(336,140928,'五寨县',3,140900),
(337,140929,'岢岚县',3,140900),
(338,140930,'河曲县',3,140900),
(339,140931,'保德县',3,140900),
(340,140932,'偏关县',3,140900),
(341,140981,'原平市',3,141000),
(342,141000,'临汾市',2,140000),
(344,141002,'尧都区',3,141000),
(345,141021,'曲沃县',3,141000),
(346,141022,'翼城县',3,141000),
(347,141023,'襄汾县',3,141000),
(348,141024,'洪洞县',3,141000),
(349,141025,'古县',3,141000),
(350,141026,'安泽县',3,141000),
(351,141027,'浮山县',3,141000),
(352,141028,'吉县',3,141000),
(353,141029,'乡宁县',3,141000),
(354,141030,'大宁县',3,141000),
(355,141031,'隰县',3,141000),
(356,141032,'永和县',3,141000),
(357,141033,'蒲县',3,141000),
(358,141034,'汾西县',3,141000),
(359,141081,'侯马市',3,141100),
(360,141082,'霍州市',3,141100),
(361,141100,'吕梁市',2,140000),
(363,141102,'离石区',3,141100),
(364,141121,'文水县',3,141100),
(365,141122,'交城县',3,141100),
(366,141123,'兴县',3,141100),
(367,141124,'临县',3,141100),
(368,141125,'柳林县',3,141100),
(369,141126,'石楼县',3,141100),
(370,141127,'岚县',3,141100),
(371,141128,'方山县',3,141100),
(372,141129,'中阳县',3,141100),
(373,141130,'交口县',3,141100),
(374,141181,'孝义市',3,141200),
(375,141182,'汾阳市',3,141200),
(376,150000,'内蒙古自治区',1,0),
(377,150100,'呼和浩特市',2,150000),
(379,150102,'新城区',3,150100),
(380,150103,'回民区',3,150100),
(381,150104,'玉泉区',3,150100),
(382,150105,'赛罕区',3,150100),
(383,150121,'土默特左旗',3,150100),
(384,150122,'托克托县',3,150100),
(385,150123,'和林格尔县',3,150100),
(386,150124,'清水河县',3,150100),
(387,150125,'武川县',3,150100),
(388,150200,'包头市',2,150000),
(390,150202,'东河区',3,150200),
(391,150203,'昆都仑区',3,150200),
(392,150204,'青山区',3,150200),
(393,150205,'石拐区',3,150200),
(394,150206,'白云鄂博矿区',3,150200),
(395,150207,'九原区',3,150200),
(396,150221,'土默特右旗',3,150200),
(397,150222,'固阳县',3,150200),
(398,150223,'达尔罕茂明安联合旗',3,150200),
(399,150300,'乌海市',2,150000),
(401,150302,'海勃湾区',3,150300),
(402,150303,'海南区',3,150300),
(403,150304,'乌达区',3,150300),
(404,150400,'赤峰市',2,150000),
(406,150402,'红山区',3,150400),
(407,150403,'元宝山区',3,150400),
(408,150404,'松山区',3,150400),
(409,150421,'阿鲁科尔沁旗',3,150400),
(410,150422,'巴林左旗',3,150400),
(411,150423,'巴林右旗',3,150400),
(412,150424,'林西县',3,150400),
(413,150425,'克什克腾旗',3,150400),
(414,150426,'翁牛特旗',3,150400),
(415,150428,'喀喇沁旗',3,150400),
(416,150429,'宁城县',3,150400),
(417,150430,'敖汉旗',3,150400),
(418,150500,'通辽市',2,150000),
(420,150502,'科尔沁区',3,150500),
(421,150521,'科尔沁左翼中旗',3,150500),
(422,150522,'科尔沁左翼后旗',3,150500),
(423,150523,'开鲁县',3,150500),
(424,150524,'库伦旗',3,150500),
(425,150525,'奈曼旗',3,150500),
(426,150526,'扎鲁特旗',3,150500),
(427,150581,'霍林郭勒市',3,150600),
(428,150600,'鄂尔多斯市',2,150000),
(430,150602,'东胜区',3,150600),
(431,150621,'达拉特旗',3,150600),
(432,150622,'准格尔旗',3,150600),
(433,150623,'鄂托克前旗',3,150600),
(434,150624,'鄂托克旗',3,150600),
(435,150625,'杭锦旗',3,150600),
(436,150626,'乌审旗',3,150600),
(437,150627,'伊金霍洛旗',3,150600),
(438,150700,'呼伦贝尔市',2,150000),
(440,150702,'海拉尔区',3,150700),
(441,150721,'阿荣旗',3,150700),
(442,150722,'莫力达瓦达斡尔族自治旗',3,150700),
(443,150723,'鄂伦春自治旗',3,150700),
(444,150724,'鄂温克族自治旗',3,150700),
(445,150725,'陈巴尔虎旗',3,150700),
(446,150726,'新巴尔虎左旗',3,150700),
(447,150727,'新巴尔虎右旗',3,150700),
(448,150781,'满洲里市',3,150800),
(449,150782,'牙克石市',3,150800),
(450,150783,'扎兰屯市',3,150800),
(451,150784,'额尔古纳市',3,150800),
(452,150785,'根河市',3,150800),
(453,150800,'巴彦淖尔市',2,150000),
(455,150802,'临河区',3,150800),
(456,150821,'五原县',3,150800),
(457,150822,'磴口县',3,150800),
(458,150823,'乌拉特前旗',3,150800),
(459,150824,'乌拉特中旗',3,150800),
(460,150825,'乌拉特后旗',3,150800),
(461,150826,'杭锦后旗',3,150800),
(462,150900,'乌兰察布市',2,150000),
(464,150902,'集宁区',3,150900),
(465,150921,'卓资县',3,150900),
(466,150922,'化德县',3,150900),
(467,150923,'商都县',3,150900),
(468,150924,'兴和县',3,150900),
(469,150925,'凉城县',3,150900),
(470,150926,'察哈尔右翼前旗',3,150900),
(471,150927,'察哈尔右翼中旗',3,150900),
(472,150928,'察哈尔右翼后旗',3,150900),
(473,150929,'四子王旗',3,150900),
(474,150981,'丰镇市',3,151000),
(475,152200,'兴安盟',2,150000),
(476,152201,'乌兰浩特市',3,152200),
(477,152202,'阿尔山市',3,152200),
(478,152221,'科尔沁右翼前旗',3,152200),
(479,152222,'科尔沁右翼中旗',3,152200),
(480,152223,'扎赉特旗',3,152200),
(481,152224,'突泉县',3,152200),
(482,152500,'锡林郭勒盟',2,150000),
(483,152501,'二连浩特市',3,152500),
(484,152502,'锡林浩特市',3,152500),
(485,152522,'阿巴嘎旗',3,152500),
(486,152523,'苏尼特左旗',3,152500),
(487,152524,'苏尼特右旗',3,152500),
(488,152525,'东乌珠穆沁旗',3,152500),
(489,152526,'西乌珠穆沁旗',3,152500),
(490,152527,'太仆寺旗',3,152500),
(491,152528,'镶黄旗',3,152500),
(492,152529,'正镶白旗',3,152500),
(493,152530,'正蓝旗',3,152500),
(494,152531,'多伦县',3,152500),
(495,152900,'阿拉善盟',2,150000),
(496,152921,'阿拉善左旗',3,152900),
(497,152922,'阿拉善右旗',3,152900),
(498,152923,'额济纳旗',3,152900),
(499,210000,'辽宁省',1,0),
(500,210100,'沈阳市',2,210000),
(502,210102,'和平区',3,210100),
(503,210103,'沈河区',3,210100),
(504,210104,'大东区',3,210100),
(505,210105,'皇姑区',3,210100),
(506,210106,'铁西区',3,210100),
(507,210111,'苏家屯区',3,210100),
(508,210112,'东陵区',3,210100),
(509,210113,'沈北新区',3,210100),
(510,210114,'于洪区',3,210100),
(511,210122,'辽中县',3,210100),
(512,210123,'康平县',3,210100),
(513,210124,'法库县',3,210100),
(514,210181,'新民市',3,210200),
(515,210200,'大连市',2,210000),
(517,210202,'中山区',3,210200),
(518,210203,'西岗区',3,210200),
(519,210204,'沙河口区',3,210200),
(520,210211,'甘井子区',3,210200),
(521,210212,'旅顺口区',3,210200),
(522,210213,'金州区',3,210200),
(523,210224,'长海县',3,210200),
(524,210281,'瓦房店市',3,210300),
(525,210282,'普兰店市',3,210300),
(526,210283,'庄河市',3,210300),
(527,210300,'鞍山市',2,210000),
(529,210302,'铁东区',3,210300),
(530,210303,'铁西区',3,210300),
(531,210304,'立山区',3,210300),
(532,210311,'千山区',3,210300),
(533,210321,'台安县',3,210300),
(534,210323,'岫岩满族自治县',3,210300),
(535,210381,'海城市',3,210400),
(536,210400,'抚顺市',2,210000),
(538,210402,'新抚区',3,210400),
(539,210403,'东洲区',3,210400),
(540,210404,'望花区',3,210400),
(541,210411,'顺城区',3,210400),
(542,210421,'抚顺县',3,210400),
(543,210422,'新宾满族自治县',3,210400),
(544,210423,'清原满族自治县',3,210400),
(545,210500,'本溪市',2,210000),
(547,210502,'平山区',3,210500),
(548,210503,'溪湖区',3,210500),
(549,210504,'明山区',3,210500),
(550,210505,'南芬区',3,210500),
(551,210521,'本溪满族自治县',3,210500),
(552,210522,'桓仁满族自治县',3,210500),
(553,210600,'丹东市',2,210000),
(555,210602,'元宝区',3,210600),
(556,210603,'振兴区',3,210600),
(557,210604,'振安区',3,210600),
(558,210624,'宽甸满族自治县',3,210600),
(559,210681,'东港市',3,210700),
(560,210682,'凤城市',3,210700),
(561,210700,'锦州市',2,210000),
(563,210702,'古塔区',3,210700),
(564,210703,'凌河区',3,210700),
(565,210711,'太和区',3,210700),
(566,210726,'黑山县',3,210700),
(567,210727,'义县',3,210700),
(568,210781,'凌海市',3,210800),
(569,210782,'北镇市',3,210800),
(570,210800,'营口市',2,210000),
(572,210802,'站前区',3,210800),
(573,210803,'西市区',3,210800),
(574,210804,'鲅鱼圈区',3,210800),
(575,210811,'老边区',3,210800),
(576,210881,'盖州市',3,210900),
(577,210882,'大石桥市',3,210900),
(578,210900,'阜新市',2,210000),
(580,210902,'海州区',3,210900),
(581,210903,'新邱区',3,210900),
(582,210904,'太平区',3,210900),
(583,210905,'清河门区',3,210900),
(584,210911,'细河区',3,210900),
(585,210921,'阜新蒙古族自治县',3,210900),
(586,210922,'彰武县',3,210900),
(587,211000,'辽阳市',2,210000),
(589,211002,'白塔区',3,211000),
(590,211003,'文圣区',3,211000),
(591,211004,'宏伟区',3,211000),
(592,211005,'弓长岭区',3,211000),
(593,211011,'太子河区',3,211000),
(594,211021,'辽阳县',3,211000),
(595,211081,'灯塔市',3,211100),
(596,211100,'盘锦市',2,210000),
(598,211102,'双台子区',3,211100),
(599,211103,'兴隆台区',3,211100),
(600,211121,'大洼县',3,211100),
(601,211122,'盘山县',3,211100),
(602,211200,'铁岭市',2,210000),
(604,211202,'银州区',3,211200),
(605,211204,'清河区',3,211200),
(606,211221,'铁岭县',3,211200),
(607,211223,'西丰县',3,211200),
(608,211224,'昌图县',3,211200),
(609,211281,'调兵山市',3,211300),
(610,211282,'开原市',3,211300),
(611,211300,'朝阳市',2,210000),
(613,211302,'双塔区',3,211300),
(614,211303,'龙城区',3,211300),
(615,211321,'朝阳县',3,211300),
(616,211322,'建平县',3,211300),
(617,211324,'喀喇沁左翼蒙古族自治县',3,211300),
(618,211381,'北票市',3,211400),
(619,211382,'凌源市',3,211400),
(620,211400,'葫芦岛市',2,210000),
(622,211402,'连山区',3,211400),
(623,211403,'龙港区',3,211400),
(624,211404,'南票区',3,211400),
(625,211421,'绥中县',3,211400),
(626,211422,'建昌县',3,211400),
(627,211481,'兴城市',3,211500),
(628,220000,'吉林省',1,0),
(629,220100,'长春市',2,220000),
(631,220102,'南关区',3,220100),
(632,220103,'宽城区',3,220100),
(633,220104,'朝阳区',3,220100),
(634,220105,'二道区',3,220100),
(635,220106,'绿园区',3,220100),
(636,220112,'双阳区',3,220100),
(637,220122,'农安县',3,220100),
(638,220181,'九台市',3,220200),
(639,220182,'榆树市',3,220200),
(640,220183,'德惠市',3,220200),
(641,220200,'吉林市',2,220000),
(643,220202,'昌邑区',3,220200),
(644,220203,'龙潭区',3,220200),
(645,220204,'船营区',3,220200),
(646,220211,'丰满区',3,220200),
(647,220221,'永吉县',3,220200),
(648,220281,'蛟河市',3,220300),
(649,220282,'桦甸市',3,220300),
(650,220283,'舒兰市',3,220300),
(651,220284,'磐石市',3,220300),
(652,220300,'四平市',2,220000),
(654,220302,'铁西区',3,220300),
(655,220303,'铁东区',3,220300),
(656,220322,'梨树县',3,220300),
(657,220323,'伊通满族自治县',3,220300),
(658,220381,'公主岭市',3,220400),
(659,220382,'双辽市',3,220400),
(660,220400,'辽源市',2,220000),
(662,220402,'龙山区',3,220400),
(663,220403,'西安区',3,220400),
(664,220421,'东丰县',3,220400),
(665,220422,'东辽县',3,220400),
(666,220500,'通化市',2,220000),
(668,220502,'东昌区',3,220500),
(669,220503,'二道江区',3,220500),
(670,220521,'通化县',3,220500),
(671,220523,'辉南县',3,220500),
(672,220524,'柳河县',3,220500),
(673,220581,'梅河口市',3,220600),
(674,220582,'集安市',3,220600),
(675,220600,'白山市',2,220000),
(677,220602,'浑江区',3,220600),
(678,220605,'江源区',3,220600),
(679,220621,'抚松县',3,220600),
(680,220622,'靖宇县',3,220600),
(681,220623,'长白朝鲜族自治县',3,220600),
(682,220681,'临江市',3,220700),
(683,220700,'松原市',2,220000),
(685,220702,'宁江区',3,220700),
(686,220721,'前郭尔罗斯蒙古族自治县',3,220700),
(687,220722,'长岭县',3,220700),
(688,220723,'乾安县',3,220700),
(689,220724,'扶余县',3,220700),
(690,220800,'白城市',2,220000),
(692,220802,'洮北区',3,220800),
(693,220821,'镇赉县',3,220800),
(694,220822,'通榆县',3,220800),
(695,220881,'洮南市',3,220900),
(696,220882,'大安市',3,220900),
(697,222400,'延边朝鲜族自治州',2,220000),
(698,222401,'延吉市',3,222400),
(699,222402,'图们市',3,222400),
(700,222403,'敦化市',3,222400),
(701,222404,'珲春市',3,222400),
(702,222405,'龙井市',3,222400),
(703,222406,'和龙市',3,222400),
(704,222424,'汪清县',3,222400),
(705,222426,'安图县',3,222400),
(706,230000,'黑龙江省',1,0),
(707,230100,'哈尔滨市',2,230000),
(709,230102,'道里区',3,230100),
(710,230103,'南岗区',3,230100),
(711,230104,'道外区',3,230100),
(712,230108,'平房区',3,230100),
(713,230109,'松北区',3,230100),
(714,230110,'香坊区',3,230100),
(715,230111,'呼兰区',3,230100),
(716,230112,'阿城区',3,230100),
(717,230123,'依兰县',3,230100),
(718,230124,'方正县',3,230100),
(719,230125,'宾县',3,230100),
(720,230126,'巴彦县',3,230100),
(721,230127,'木兰县',3,230100),
(722,230128,'通河县',3,230100),
(723,230129,'延寿县',3,230100),
(724,230182,'双城市',3,230200),
(725,230183,'尚志市',3,230200),
(726,230184,'五常市',3,230200),
(727,230200,'齐齐哈尔市',2,230000),
(729,230202,'龙沙区',3,230200),
(730,230203,'建华区',3,230200),
(731,230204,'铁锋区',3,230200),
(732,230205,'昂昂溪区',3,230200),
(733,230206,'富拉尔基区',3,230200),
(734,230207,'碾子山区',3,230200),
(735,230208,'梅里斯达斡尔族区',3,230200),
(736,230221,'龙江县',3,230200),
(737,230223,'依安县',3,230200),
(738,230224,'泰来县',3,230200),
(739,230225,'甘南县',3,230200),
(740,230227,'富裕县',3,230200),
(741,230229,'克山县',3,230200),
(742,230230,'克东县',3,230200),
(743,230231,'拜泉县',3,230200),
(744,230281,'讷河市',3,230300),
(745,230300,'鸡西市',2,230000),
(747,230302,'鸡冠区',3,230300),
(748,230303,'恒山区',3,230300),
(749,230304,'滴道区',3,230300),
(750,230305,'梨树区',3,230300),
(751,230306,'城子河区',3,230300),
(752,230307,'麻山区',3,230300),
(753,230321,'鸡东县',3,230300),
(754,230381,'虎林市',3,230400),
(755,230382,'密山市',3,230400),
(756,230400,'鹤岗市',2,230000),
(758,230402,'向阳区',3,230400),
(759,230403,'工农区',3,230400),
(760,230404,'南山区',3,230400),
(761,230405,'兴安区',3,230400),
(762,230406,'东山区',3,230400),
(763,230407,'兴山区',3,230400),
(764,230421,'萝北县',3,230400),
(765,230422,'绥滨县',3,230400),
(766,230500,'双鸭山市',2,230000),
(768,230502,'尖山区',3,230500),
(769,230503,'岭东区',3,230500),
(770,230505,'四方台区',3,230500),
(771,230506,'宝山区',3,230500),
(772,230521,'集贤县',3,230500),
(773,230522,'友谊县',3,230500),
(774,230523,'宝清县',3,230500),
(775,230524,'饶河县',3,230500),
(776,230600,'大庆市',2,230000),
(778,230602,'萨尔图区',3,230600),
(779,230603,'龙凤区',3,230600),
(780,230604,'让胡路区',3,230600),
(781,230605,'红岗区',3,230600),
(782,230606,'大同区',3,230600),
(783,230621,'肇州县',3,230600),
(784,230622,'肇源县',3,230600),
(785,230623,'林甸县',3,230600),
(786,230624,'杜尔伯特蒙古族自治县',3,230600),
(787,230700,'伊春市',2,230000),
(789,230702,'伊春区',3,230700),
(790,230703,'南岔区',3,230700),
(791,230704,'友好区',3,230700),
(792,230705,'西林区',3,230700),
(793,230706,'翠峦区',3,230700),
(794,230707,'新青区',3,230700),
(795,230708,'美溪区',3,230700),
(796,230709,'金山屯区',3,230700),
(797,230710,'五营区',3,230700),
(798,230711,'乌马河区',3,230700),
(799,230712,'汤旺河区',3,230700),
(800,230713,'带岭区',3,230700),
(801,230714,'乌伊岭区',3,230700),
(802,230715,'红星区',3,230700),
(803,230716,'上甘岭区',3,230700),
(804,230722,'嘉荫县',3,230700),
(805,230781,'铁力市',3,230800),
(806,230800,'佳木斯市',2,230000),
(808,230803,'向阳区',3,230800),
(809,230804,'前进区',3,230800),
(810,230805,'东风区',3,230800),
(811,230811,'郊区',3,230800),
(812,230822,'桦南县',3,230800),
(813,230826,'桦川县',3,230800),
(814,230828,'汤原县',3,230800),
(815,230833,'抚远县',3,230800),
(816,230881,'同江市',3,230900),
(817,230882,'富锦市',3,230900),
(818,230900,'七台河市',2,230000),
(820,230902,'新兴区',3,230900),
(821,230903,'桃山区',3,230900),
(822,230904,'茄子河区',3,230900),
(823,230921,'勃利县',3,230900),
(824,231000,'牡丹江市',2,230000),
(826,231002,'东安区',3,231000),
(827,231003,'阳明区',3,231000),
(828,231004,'爱民区',3,231000),
(829,231005,'西安区',3,231000),
(830,231024,'东宁县',3,231000),
(831,231025,'林口县',3,231000),
(832,231081,'绥芬河市',3,231100),
(833,231083,'海林市',3,231100),
(834,231084,'宁安市',3,231100),
(835,231085,'穆棱市',3,231100),
(836,231100,'黑河市',2,230000),
(838,231102,'爱辉区',3,231100),
(839,231121,'嫩江县',3,231100),
(840,231123,'逊克县',3,231100),
(841,231124,'孙吴县',3,231100),
(842,231181,'北安市',3,231200),
(843,231182,'五大连池市',3,231200),
(844,231200,'绥化市',2,230000),
(846,231202,'北林区',3,231200),
(847,231221,'望奎县',3,231200),
(848,231222,'兰西县',3,231200),
(849,231223,'青冈县',3,231200),
(850,231224,'庆安县',3,231200),
(851,231225,'明水县',3,231200),
(852,231226,'绥棱县',3,231200),
(853,231281,'安达市',3,231300),
(854,231282,'肇东市',3,231300),
(855,231283,'海伦市',3,231300),
(856,232700,'大兴安岭地区',2,230000),
(857,232721,'呼玛县',3,232700),
(858,232722,'塔河县',3,232700),
(859,232723,'漠河县',3,232700),
(860,310000,'上海市',1,310000),
(862,310101,'黄浦区',3,310100),
(863,310104,'徐汇区',3,310100),
(864,310105,'长宁区',3,310100),
(865,310106,'静安区',3,310100),
(866,310107,'普陀区',3,310100),
(867,310108,'闸北区',3,310100),
(868,310109,'虹口区',3,310100),
(869,310110,'杨浦区',3,310100),
(870,310112,'闵行区',3,310100),
(871,310113,'宝山区',3,310100),
(872,310114,'嘉定区',3,310100),
(873,310115,'浦东新区',3,310100),
(874,310116,'金山区',3,310100),
(875,310117,'松江区',3,310100),
(876,310118,'青浦区',3,310100),
(877,310120,'奉贤区',3,310100),
(879,310230,'崇明县',3,310200),
(880,320000,'江苏省',1,0),
(881,320100,'南京市',2,320000),
(883,320102,'玄武区',3,320100),
(884,320103,'白下区',3,320100),
(885,320104,'秦淮区',3,320100),
(886,320105,'建邺区',3,320100),
(887,320106,'鼓楼区',3,320100),
(888,320107,'下关区',3,320100),
(889,320111,'浦口区',3,320100),
(890,320113,'栖霞区',3,320100),
(891,320114,'雨花台区',3,320100),
(892,320115,'江宁区',3,320100),
(893,320116,'六合区',3,320100),
(894,320124,'溧水县',3,320100),
(895,320125,'高淳县',3,320100),
(896,320200,'无锡市',2,320000),
(898,320202,'崇安区',3,320200),
(899,320203,'南长区',3,320200),
(900,320204,'北塘区',3,320200),
(901,320205,'锡山区',3,320200),
(902,320206,'惠山区',3,320200),
(903,320211,'滨湖区',3,320200),
(904,320281,'江阴市',3,320300),
(905,320282,'宜兴市',3,320300),
(906,320300,'徐州市',2,320000),
(908,320302,'鼓楼区',3,320300),
(909,320303,'云龙区',3,320300),
(910,320305,'贾汪区',3,320300),
(911,320311,'泉山区',3,320300),
(912,320312,'铜山区',3,320300),
(913,320321,'丰县',3,320300),
(914,320322,'沛县',3,320300),
(915,320324,'睢宁县',3,320300),
(916,320381,'新沂市',3,320400),
(917,320382,'邳州市',3,320400),
(918,320400,'常州市',2,320000),
(920,320402,'天宁区',3,320400),
(921,320404,'钟楼区',3,320400),
(922,320405,'戚墅堰区',3,320400),
(923,320411,'新北区',3,320400),
(924,320412,'武进区',3,320400),
(925,320481,'溧阳市',3,320500),
(926,320482,'金坛市',3,320500),
(927,320500,'苏州市',2,320000),
(929,320505,'虎丘区',3,320500),
(930,320506,'吴中区',3,320500),
(931,320507,'相城区',3,320500),
(932,320508,'姑苏区',3,320500),
(933,320509,'吴江区',3,320500),
(934,320581,'常熟市',3,320600),
(935,320582,'张家港市',3,320600),
(936,320583,'昆山市',3,320600),
(937,320585,'太仓市',3,320600),
(938,320600,'南通市',2,320000),
(940,320602,'崇川区',3,320600),
(941,320611,'港闸区',3,320600),
(942,320612,'通州区',3,320600),
(943,320621,'海安县',3,320600),
(944,320623,'如东县',3,320600),
(945,320681,'启东市',3,320700),
(946,320682,'如皋市',3,320700),
(947,320684,'海门市',3,320700),
(948,320700,'连云港市',2,320000),
(950,320703,'连云区',3,320700),
(951,320705,'新浦区',3,320700),
(952,320706,'海州区',3,320700),
(953,320721,'赣榆县',3,320700),
(954,320722,'东海县',3,320700),
(955,320723,'灌云县',3,320700),
(956,320724,'灌南县',3,320700),
(957,320800,'淮安市',2,320000),
(959,320802,'清河区',3,320800),
(960,320803,'淮安区',3,320800),
(961,320804,'淮阴区',3,320800),
(962,320811,'清浦区',3,320800),
(963,320826,'涟水县',3,320800),
(964,320829,'洪泽县',3,320800),
(965,320830,'盱眙县',3,320800),
(966,320831,'金湖县',3,320800),
(967,320900,'盐城市',2,320000),
(969,320902,'亭湖区',3,320900),
(970,320903,'盐都区',3,320900),
(971,320921,'响水县',3,320900),
(972,320922,'滨海县',3,320900),
(973,320923,'阜宁县',3,320900),
(974,320924,'射阳县',3,320900),
(975,320925,'建湖县',3,320900),
(976,320981,'东台市',3,321000),
(977,320982,'大丰市',3,321000),
(978,321000,'扬州市',2,320000),
(980,321002,'广陵区',3,321000),
(981,321003,'邗江区',3,321000),
(982,321012,'江都区',3,321000),
(983,321023,'宝应县',3,321000),
(984,321081,'仪征市',3,321100),
(985,321084,'高邮市',3,321100),
(986,321100,'镇江市',2,320000),
(988,321102,'京口区',3,321100),
(989,321111,'润州区',3,321100),
(990,321112,'丹徒区',3,321100),
(991,321181,'丹阳市',3,321200),
(992,321182,'扬中市',3,321200),
(993,321183,'句容市',3,321200),
(994,321200,'泰州市',2,320000),
(996,321202,'海陵区',3,321200),
(997,321203,'高港区',3,321200),
(998,321281,'兴化市',3,321300),
(999,321282,'靖江市',3,321300),
(1000,321283,'泰兴市',3,321300),
(1001,321284,'姜堰市',3,321300),
(1002,321300,'宿迁市',2,320000),
(1004,321302,'宿城区',3,321300),
(1005,321311,'宿豫区',3,321300),
(1006,321322,'沭阳县',3,321300),
(1007,321323,'泗阳县',3,321300),
(1008,321324,'泗洪县',3,321300),
(1009,330000,'浙江省',1,0),
(1010,330100,'杭州市',2,330000),
(1012,330102,'上城区',3,330100),
(1013,330103,'下城区',3,330100),
(1014,330104,'江干区',3,330100),
(1015,330105,'拱墅区',3,330100),
(1016,330106,'西湖区',3,330100),
(1017,330108,'滨江区',3,330100),
(1018,330109,'萧山区',3,330100),
(1019,330110,'余杭区',3,330100),
(1020,330122,'桐庐县',3,330100),
(1021,330127,'淳安县',3,330100),
(1022,330182,'建德市',3,330200),
(1023,330183,'富阳市',3,330200),
(1024,330185,'临安市',3,330200),
(1025,330200,'宁波市',2,330000),
(1027,330203,'海曙区',3,330200),
(1028,330204,'江东区',3,330200),
(1029,330205,'江北区',3,330200),
(1030,330206,'北仑区',3,330200),
(1031,330211,'镇海区',3,330200),
(1032,330212,'鄞州区',3,330200),
(1033,330225,'象山县',3,330200),
(1034,330226,'宁海县',3,330200),
(1035,330281,'余姚市',3,330300),
(1036,330282,'慈溪市',3,330300),
(1037,330283,'奉化市',3,330300),
(1038,330300,'温州市',2,330000),
(1040,330302,'鹿城区',3,330300),
(1041,330303,'龙湾区',3,330300),
(1042,330304,'瓯海区',3,330300),
(1043,330322,'洞头县',3,330300),
(1044,330324,'永嘉县',3,330300),
(1045,330326,'平阳县',3,330300),
(1046,330327,'苍南县',3,330300),
(1047,330328,'文成县',3,330300),
(1048,330329,'泰顺县',3,330300),
(1049,330381,'瑞安市',3,330400),
(1050,330382,'乐清市',3,330400),
(1051,330400,'嘉兴市',2,330000),
(1053,330402,'南湖区',3,330400),
(1054,330411,'秀洲区',3,330400),
(1055,330421,'嘉善县',3,330400),
(1056,330424,'海盐县',3,330400),
(1057,330481,'海宁市',3,330500),
(1058,330482,'平湖市',3,330500),
(1059,330483,'桐乡市',3,330500),
(1060,330500,'湖州市',2,330000),
(1062,330502,'吴兴区',3,330500),
(1063,330503,'南浔区',3,330500),
(1064,330521,'德清县',3,330500),
(1065,330522,'长兴县',3,330500),
(1066,330523,'安吉县',3,330500),
(1067,330600,'绍兴市',2,330000),
(1069,330602,'越城区',3,330600),
(1070,330621,'绍兴县',3,330600),
(1071,330624,'新昌县',3,330600),
(1072,330681,'诸暨市',3,330700),
(1073,330682,'上虞市',3,330700),
(1074,330683,'嵊州市',3,330700),
(1075,330700,'金华市',2,330000),
(1077,330702,'婺城区',3,330700),
(1078,330703,'金东区',3,330700),
(1079,330723,'武义县',3,330700),
(1080,330726,'浦江县',3,330700),
(1081,330727,'磐安县',3,330700),
(1082,330781,'兰溪市',3,330800),
(1083,330782,'义乌市',3,330800),
(1084,330783,'东阳市',3,330800),
(1085,330784,'永康市',3,330800),
(1086,330800,'衢州市',2,330000),
(1088,330802,'柯城区',3,330800),
(1089,330803,'衢江区',3,330800),
(1090,330822,'常山县',3,330800),
(1091,330824,'开化县',3,330800),
(1092,330825,'龙游县',3,330800),
(1093,330881,'江山市',3,330900),
(1094,330900,'舟山市',2,330000),
(1096,330902,'定海区',3,330900),
(1097,330903,'普陀区',3,330900),
(1098,330921,'岱山县',3,330900),
(1099,330922,'嵊泗县',3,330900),
(1100,331000,'台州市',2,330000),
(1102,331002,'椒江区',3,331000),
(1103,331003,'黄岩区',3,331000),
(1104,331004,'路桥区',3,331000),
(1105,331021,'玉环县',3,331000),
(1106,331022,'三门县',3,331000),
(1107,331023,'天台县',3,331000),
(1108,331024,'仙居县',3,331000),
(1109,331081,'温岭市',3,331100),
(1110,331082,'临海市',3,331100),
(1111,331100,'丽水市',2,330000),
(1113,331102,'莲都区',3,331100),
(1114,331121,'青田县',3,331100),
(1115,331122,'缙云县',3,331100),
(1116,331123,'遂昌县',3,331100),
(1117,331124,'松阳县',3,331100),
(1118,331125,'云和县',3,331100),
(1119,331126,'庆元县',3,331100),
(1120,331127,'景宁畲族自治县',3,331100),
(1121,331181,'龙泉市',3,331200),
(1122,340000,'安徽省',1,0),
(1123,340100,'合肥市',2,340000),
(1125,340102,'瑶海区',3,340100),
(1126,340103,'庐阳区',3,340100),
(1127,340104,'蜀山区',3,340100),
(1128,340111,'包河区',3,340100),
(1129,340121,'长丰县',3,340100),
(1130,340122,'肥东县',3,340100),
(1131,340123,'肥西县',3,340100),
(1132,340124,'庐江县',3,340100),
(1133,340181,'巢湖市',3,340200),
(1134,340200,'芜湖市',2,340000),
(1136,340202,'镜湖区',3,340200),
(1137,340203,'弋江区',3,340200),
(1138,340207,'鸠江区',3,340200),
(1139,340208,'三山区',3,340200),
(1140,340221,'芜湖县',3,340200),
(1141,340222,'繁昌县',3,340200),
(1142,340223,'南陵县',3,340200),
(1143,340225,'无为县',3,340200),
(1144,340300,'蚌埠市',2,340000),
(1146,340302,'龙子湖区',3,340300),
(1147,340303,'蚌山区',3,340300),
(1148,340304,'禹会区',3,340300),
(1149,340311,'淮上区',3,340300),
(1150,340321,'怀远县',3,340300),
(1151,340322,'五河县',3,340300),
(1152,340323,'固镇县',3,340300),
(1153,340400,'淮南市',2,340000),
(1155,340402,'大通区',3,340400),
(1156,340403,'田家庵区',3,340400),
(1157,340404,'谢家集区',3,340400),
(1158,340405,'八公山区',3,340400),
(1159,340406,'潘集区',3,340400),
(1160,340421,'凤台县',3,340400),
(1161,340500,'马鞍山市',2,340000),
(1163,340503,'花山区',3,340500),
(1164,340504,'雨山区',3,340500),
(1165,340506,'博望区',3,340500),
(1166,340521,'当涂县',3,340500),
(1167,340522,'含山县',3,340500),
(1168,340523,'和县',3,340500),
(1169,340600,'淮北市',2,340000),
(1171,340602,'杜集区',3,340600),
(1172,340603,'相山区',3,340600),
(1173,340604,'烈山区',3,340600),
(1174,340621,'濉溪县',3,340600),
(1175,340700,'铜陵市',2,340000),
(1177,340702,'铜官山区',3,340700),
(1178,340703,'狮子山区',3,340700),
(1179,340711,'郊区',3,340700),
(1180,340721,'铜陵县',3,340700),
(1181,340800,'安庆市',2,340000),
(1183,340802,'迎江区',3,340800),
(1184,340803,'大观区',3,340800),
(1185,340811,'宜秀区',3,340800),
(1186,340822,'怀宁县',3,340800),
(1187,340823,'枞阳县',3,340800),
(1188,340824,'潜山县',3,340800),
(1189,340825,'太湖县',3,340800),
(1190,340826,'宿松县',3,340800),
(1191,340827,'望江县',3,340800),
(1192,340828,'岳西县',3,340800),
(1193,340881,'桐城市',3,340900),
(1194,341000,'黄山市',2,340000),
(1196,341002,'屯溪区',3,341000),
(1197,341003,'黄山区',3,341000),
(1198,341004,'徽州区',3,341000),
(1199,341021,'歙县',3,341000),
(1200,341022,'休宁县',3,341000),
(1201,341023,'黟县',3,341000),
(1202,341024,'祁门县',3,341000),
(1203,341100,'滁州市',2,340000),
(1205,341102,'琅琊区',3,341100),
(1206,341103,'南谯区',3,341100),
(1207,341122,'来安县',3,341100),
(1208,341124,'全椒县',3,341100),
(1209,341125,'定远县',3,341100),
(1210,341126,'凤阳县',3,341100),
(1211,341181,'天长市',3,341200),
(1212,341182,'明光市',3,341200),
(1213,341200,'阜阳市',2,340000),
(1215,341202,'颍州区',3,341200),
(1216,341203,'颍东区',3,341200),
(1217,341204,'颍泉区',3,341200),
(1218,341221,'临泉县',3,341200),
(1219,341222,'太和县',3,341200),
(1220,341225,'阜南县',3,341200),
(1221,341226,'颍上县',3,341200),
(1222,341282,'界首市',3,341300),
(1223,341300,'宿州市',2,340000),
(1225,341302,'埇桥区',3,341300),
(1226,341321,'砀山县',3,341300),
(1227,341322,'萧县',3,341300),
(1228,341323,'灵璧县',3,341300),
(1229,341324,'泗县',3,341300),
(1230,341500,'六安市',2,340000),
(1232,341502,'金安区',3,341500),
(1233,341503,'裕安区',3,341500),
(1234,341521,'寿县',3,341500),
(1235,341522,'霍邱县',3,341500),
(1236,341523,'舒城县',3,341500),
(1237,341524,'金寨县',3,341500),
(1238,341525,'霍山县',3,341500),
(1239,341600,'亳州市',2,340000),
(1241,341602,'谯城区',3,341600),
(1242,341621,'涡阳县',3,341600),
(1243,341622,'蒙城县',3,341600),
(1244,341623,'利辛县',3,341600),
(1245,341700,'池州市',2,340000),
(1247,341702,'贵池区',3,341700),
(1248,341721,'东至县',3,341700),
(1249,341722,'石台县',3,341700),
(1250,341723,'青阳县',3,341700),
(1251,341800,'宣城市',2,340000),
(1253,341802,'宣州区',3,341800),
(1254,341821,'郎溪县',3,341800),
(1255,341822,'广德县',3,341800),
(1256,341823,'泾县',3,341800),
(1257,341824,'绩溪县',3,341800),
(1258,341825,'旌德县',3,341800),
(1259,341881,'宁国市',3,341900),
(1260,350000,'福建省',1,0),
(1261,350100,'福州市',2,350000),
(1263,350102,'鼓楼区',3,350100),
(1264,350103,'台江区',3,350100),
(1265,350104,'仓山区',3,350100),
(1266,350105,'马尾区',3,350100),
(1267,350111,'晋安区',3,350100),
(1268,350121,'闽侯县',3,350100),
(1269,350122,'连江县',3,350100),
(1270,350123,'罗源县',3,350100),
(1271,350124,'闽清县',3,350100),
(1272,350125,'永泰县',3,350100),
(1273,350128,'平潭县',3,350100),
(1274,350181,'福清市',3,350200),
(1275,350182,'长乐市',3,350200),
(1276,350200,'厦门市',2,350000),
(1278,350203,'思明区',3,350200),
(1279,350205,'海沧区',3,350200),
(1280,350206,'湖里区',3,350200),
(1281,350211,'集美区',3,350200),
(1282,350212,'同安区',3,350200),
(1283,350213,'翔安区',3,350200),
(1284,350300,'莆田市',2,350000),
(1286,350302,'城厢区',3,350300),
(1287,350303,'涵江区',3,350300),
(1288,350304,'荔城区',3,350300),
(1289,350305,'秀屿区',3,350300),
(1290,350322,'仙游县',3,350300),
(1291,350400,'三明市',2,350000),
(1293,350402,'梅列区',3,350400),
(1294,350403,'三元区',3,350400),
(1295,350421,'明溪县',3,350400),
(1296,350423,'清流县',3,350400),
(1297,350424,'宁化县',3,350400),
(1298,350425,'大田县',3,350400),
(1299,350426,'尤溪县',3,350400),
(1300,350427,'沙县',3,350400),
(1301,350428,'将乐县',3,350400),
(1302,350429,'泰宁县',3,350400),
(1303,350430,'建宁县',3,350400),
(1304,350481,'永安市',3,350500),
(1305,350500,'泉州市',2,350000),
(1307,350502,'鲤城区',3,350500),
(1308,350503,'丰泽区',3,350500),
(1309,350504,'洛江区',3,350500),
(1310,350505,'泉港区',3,350500),
(1311,350521,'惠安县',3,350500),
(1312,350524,'安溪县',3,350500),
(1313,350525,'永春县',3,350500),
(1314,350526,'德化县',3,350500),
(1315,350527,'金门县',3,350500),
(1316,350581,'石狮市',3,350600),
(1317,350582,'晋江市',3,350600),
(1318,350583,'南安市',3,350600),
(1319,350600,'漳州市',2,350000),
(1321,350602,'芗城区',3,350600),
(1322,350603,'龙文区',3,350600),
(1323,350622,'云霄县',3,350600),
(1324,350623,'漳浦县',3,350600),
(1325,350624,'诏安县',3,350600),
(1326,350625,'长泰县',3,350600),
(1327,350626,'东山县',3,350600),
(1328,350627,'南靖县',3,350600),
(1329,350628,'平和县',3,350600),
(1330,350629,'华安县',3,350600),
(1331,350681,'龙海市',3,350700),
(1332,350700,'南平市',2,350000),
(1334,350702,'延平区',3,350700),
(1335,350721,'顺昌县',3,350700),
(1336,350722,'浦城县',3,350700),
(1337,350723,'光泽县',3,350700),
(1338,350724,'松溪县',3,350700),
(1339,350725,'政和县',3,350700),
(1340,350781,'邵武市',3,350800),
(1341,350782,'武夷山市',3,350800),
(1342,350783,'建瓯市',3,350800),
(1343,350784,'建阳市',3,350800),
(1344,350800,'龙岩市',2,350000),
(1346,350802,'新罗区',3,350800),
(1347,350821,'长汀县',3,350800),
(1348,350822,'永定县',3,350800),
(1349,350823,'上杭县',3,350800),
(1350,350824,'武平县',3,350800),
(1351,350825,'连城县',3,350800),
(1352,350881,'漳平市',3,350900),
(1353,350900,'宁德市',2,350000),
(1355,350902,'蕉城区',3,350900),
(1356,350921,'霞浦县',3,350900),
(1357,350922,'古田县',3,350900),
(1358,350923,'屏南县',3,350900),
(1359,350924,'寿宁县',3,350900),
(1360,350925,'周宁县',3,350900),
(1361,350926,'柘荣县',3,350900),
(1362,350981,'福安市',3,351000),
(1363,350982,'福鼎市',3,351000),
(1364,360000,'江西省',1,0),
(1365,360100,'南昌市',2,360000),
(1367,360102,'东湖区',3,360100),
(1368,360103,'西湖区',3,360100),
(1369,360104,'青云谱区',3,360100),
(1370,360105,'湾里区',3,360100),
(1371,360111,'青山湖区',3,360100),
(1372,360121,'南昌县',3,360100),
(1373,360122,'新建县',3,360100),
(1374,360123,'安义县',3,360100),
(1375,360124,'进贤县',3,360100),
(1376,360200,'景德镇市',2,360000),
(1378,360202,'昌江区',3,360200),
(1379,360203,'珠山区',3,360200),
(1380,360222,'浮梁县',3,360200),
(1381,360281,'乐平市',3,360300),
(1382,360300,'萍乡市',2,360000),
(1384,360302,'安源区',3,360300),
(1385,360313,'湘东区',3,360300),
(1386,360321,'莲花县',3,360300),
(1387,360322,'上栗县',3,360300),
(1388,360323,'芦溪县',3,360300),
(1389,360400,'九江市',2,360000),
(1391,360402,'庐山区',3,360400),
(1392,360403,'浔阳区',3,360400),
(1393,360421,'九江县',3,360400),
(1394,360423,'武宁县',3,360400),
(1395,360424,'修水县',3,360400),
(1396,360425,'永修县',3,360400),
(1397,360426,'德安县',3,360400),
(1398,360427,'星子县',3,360400),
(1399,360428,'都昌县',3,360400),
(1400,360429,'湖口县',3,360400),
(1401,360430,'彭泽县',3,360400),
(1402,360481,'瑞昌市',3,360500),
(1403,360482,'共青城市',3,360500),
(1404,360500,'新余市',2,360000),
(1406,360502,'渝水区',3,360500),
(1407,360521,'分宜县',3,360500),
(1408,360600,'鹰潭市',2,360000),
(1410,360602,'月湖区',3,360600),
(1411,360622,'余江县',3,360600),
(1412,360681,'贵溪市',3,360700),
(1413,360700,'赣州市',2,360000),
(1415,360702,'章贡区',3,360700),
(1416,360721,'赣县',3,360700),
(1417,360722,'信丰县',3,360700),
(1418,360723,'大余县',3,360700),
(1419,360724,'上犹县',3,360700),
(1420,360725,'崇义县',3,360700),
(1421,360726,'安远县',3,360700),
(1422,360727,'龙南县',3,360700),
(1423,360728,'定南县',3,360700),
(1424,360729,'全南县',3,360700),
(1425,360730,'宁都县',3,360700),
(1426,360731,'于都县',3,360700),
(1427,360732,'兴国县',3,360700),
(1428,360733,'会昌县',3,360700),
(1429,360734,'寻乌县',3,360700),
(1430,360735,'石城县',3,360700),
(1431,360781,'瑞金市',3,360800),
(1432,360782,'南康市',3,360800),
(1433,360800,'吉安市',2,360000),
(1435,360802,'吉州区',3,360800),
(1436,360803,'青原区',3,360800),
(1437,360821,'吉安县',3,360800),
(1438,360822,'吉水县',3,360800),
(1439,360823,'峡江县',3,360800),
(1440,360824,'新干县',3,360800),
(1441,360825,'永丰县',3,360800),
(1442,360826,'泰和县',3,360800),
(1443,360827,'遂川县',3,360800),
(1444,360828,'万安县',3,360800),
(1445,360829,'安福县',3,360800),
(1446,360830,'永新县',3,360800),
(1447,360881,'井冈山市',3,360900),
(1448,360900,'宜春市',2,360000),
(1450,360902,'袁州区',3,360900),
(1451,360921,'奉新县',3,360900),
(1452,360922,'万载县',3,360900),
(1453,360923,'上高县',3,360900),
(1454,360924,'宜丰县',3,360900),
(1455,360925,'靖安县',3,360900),
(1456,360926,'铜鼓县',3,360900),
(1457,360981,'丰城市',3,361000),
(1458,360982,'樟树市',3,361000),
(1459,360983,'高安市',3,361000),
(1460,361000,'抚州市',2,360000),
(1462,361002,'临川区',3,361000),
(1463,361021,'南城县',3,361000),
(1464,361022,'黎川县',3,361000),
(1465,361023,'南丰县',3,361000),
(1466,361024,'崇仁县',3,361000),
(1467,361025,'乐安县',3,361000),
(1468,361026,'宜黄县',3,361000),
(1469,361027,'金溪县',3,361000),
(1470,361028,'资溪县',3,361000),
(1471,361029,'东乡县',3,361000),
(1472,361030,'广昌县',3,361000),
(1473,361100,'上饶市',2,360000),
(1475,361102,'信州区',3,361100),
(1476,361121,'上饶县',3,361100),
(1477,361122,'广丰县',3,361100),
(1478,361123,'玉山县',3,361100),
(1479,361124,'铅山县',3,361100),
(1480,361125,'横峰县',3,361100),
(1481,361126,'弋阳县',3,361100),
(1482,361127,'余干县',3,361100),
(1483,361128,'鄱阳县',3,361100),
(1484,361129,'万年县',3,361100),
(1485,361130,'婺源县',3,361100),
(1486,361181,'德兴市',3,361200),
(1487,370000,'山东省',1,0),
(1488,370100,'济南市',2,370000),
(1490,370102,'历下区',3,370100),
(1491,370103,'市中区',3,370100),
(1492,370104,'槐荫区',3,370100),
(1493,370105,'天桥区',3,370100),
(1494,370112,'历城区',3,370100),
(1495,370113,'长清区',3,370100),
(1496,370124,'平阴县',3,370100),
(1497,370125,'济阳县',3,370100),
(1498,370126,'商河县',3,370100),
(1499,370181,'章丘市',3,370200),
(1500,370200,'青岛市',2,370000),
(1502,370202,'市南区',3,370200),
(1503,370203,'市北区',3,370200),
(1504,370205,'四方区',3,370200),
(1505,370211,'黄岛区',3,370200),
(1506,370212,'崂山区',3,370200),
(1507,370213,'李沧区',3,370200),
(1508,370214,'城阳区',3,370200),
(1509,370281,'胶州市',3,370300),
(1510,370282,'即墨市',3,370300),
(1511,370283,'平度市',3,370300),
(1512,370284,'胶南市',3,370300),
(1513,370285,'莱西市',3,370300),
(1514,370300,'淄博市',2,370000),
(1516,370302,'淄川区',3,370300),
(1517,370303,'张店区',3,370300),
(1518,370304,'博山区',3,370300),
(1519,370305,'临淄区',3,370300),
(1520,370306,'周村区',3,370300),
(1521,370321,'桓台县',3,370300),
(1522,370322,'高青县',3,370300),
(1523,370323,'沂源县',3,370300),
(1524,370400,'枣庄市',2,370000),
(1526,370402,'市中区',3,370400),
(1527,370403,'薛城区',3,370400),
(1528,370404,'峄城区',3,370400),
(1529,370405,'台儿庄区',3,370400),
(1530,370406,'山亭区',3,370400),
(1531,370481,'滕州市',3,370500),
(1532,370500,'东营市',2,370000),
(1534,370502,'东营区',3,370500),
(1535,370503,'河口区',3,370500),
(1536,370521,'垦利县',3,370500),
(1537,370522,'利津县',3,370500),
(1538,370523,'广饶县',3,370500),
(1539,370600,'烟台市',2,370000),
(1541,370602,'芝罘区',3,370600),
(1542,370611,'福山区',3,370600),
(1543,370612,'牟平区',3,370600),
(1544,370613,'莱山区',3,370600),
(1545,370634,'长岛县',3,370600),
(1546,370681,'龙口市',3,370700),
(1547,370682,'莱阳市',3,370700),
(1548,370683,'莱州市',3,370700),
(1549,370684,'蓬莱市',3,370700),
(1550,370685,'招远市',3,370700),
(1551,370686,'栖霞市',3,370700),
(1552,370687,'海阳市',3,370700),
(1553,370700,'潍坊市',2,370000),
(1555,370702,'潍城区',3,370700),
(1556,370703,'寒亭区',3,370700),
(1557,370704,'坊子区',3,370700),
(1558,370705,'奎文区',3,370700),
(1559,370724,'临朐县',3,370700),
(1560,370725,'昌乐县',3,370700),
(1561,370781,'青州市',3,370800),
(1562,370782,'诸城市',3,370800),
(1563,370783,'寿光市',3,370800),
(1564,370784,'安丘市',3,370800),
(1565,370785,'高密市',3,370800),
(1566,370786,'昌邑市',3,370800),
(1567,370800,'济宁市',2,370000),
(1569,370802,'市中区',3,370800),
(1570,370811,'任城区',3,370800),
(1571,370826,'微山县',3,370800),
(1572,370827,'鱼台县',3,370800),
(1573,370828,'金乡县',3,370800),
(1574,370829,'嘉祥县',3,370800),
(1575,370830,'汶上县',3,370800),
(1576,370831,'泗水县',3,370800),
(1577,370832,'梁山县',3,370800),
(1578,370881,'曲阜市',3,370900),
(1579,370882,'兖州市',3,370900),
(1580,370883,'邹城市',3,370900),
(1581,370900,'泰安市',2,370000),
(1583,370902,'泰山区',3,370900),
(1584,370911,'岱岳区',3,370900),
(1585,370921,'宁阳县',3,370900),
(1586,370923,'东平县',3,370900),
(1587,370982,'新泰市',3,371000),
(1588,370983,'肥城市',3,371000),
(1589,371000,'威海市',2,370000),
(1591,371002,'环翠区',3,371000),
(1592,371081,'文登市',3,371100),
(1593,371082,'荣成市',3,371100),
(1594,371083,'乳山市',3,371100),
(1595,371100,'日照市',2,370000),
(1597,371102,'东港区',3,371100),
(1598,371103,'岚山区',3,371100),
(1599,371121,'五莲县',3,371100),
(1600,371122,'莒县',3,371100),
(1601,371200,'莱芜市',2,370000),
(1603,371202,'莱城区',3,371200),
(1604,371203,'钢城区',3,371200),
(1605,371300,'临沂市',2,370000),
(1607,371302,'兰山区',3,371300),
(1608,371311,'罗庄区',3,371300),
(1609,371312,'河东区',3,371300),
(1610,371321,'沂南县',3,371300),
(1611,371322,'郯城县',3,371300),
(1612,371323,'沂水县',3,371300),
(1613,371324,'苍山县',3,371300),
(1614,371325,'费县',3,371300),
(1615,371326,'平邑县',3,371300),
(1616,371327,'莒南县',3,371300),
(1617,371328,'蒙阴县',3,371300),
(1618,371329,'临沭县',3,371300),
(1619,371400,'德州市',2,370000),
(1621,371402,'德城区',3,371400),
(1622,371421,'陵县',3,371400),
(1623,371422,'宁津县',3,371400),
(1624,371423,'庆云县',3,371400),
(1625,371424,'临邑县',3,371400),
(1626,371425,'齐河县',3,371400),
(1627,371426,'平原县',3,371400),
(1628,371427,'夏津县',3,371400),
(1629,371428,'武城县',3,371400),
(1630,371481,'乐陵市',3,371500),
(1631,371482,'禹城市',3,371500),
(1632,371500,'聊城市',2,370000),
(1634,371502,'东昌府区',3,371500),
(1635,371521,'阳谷县',3,371500),
(1636,371522,'莘县',3,371500),
(1637,371523,'茌平县',3,371500),
(1638,371524,'东阿县',3,371500),
(1639,371525,'冠县',3,371500),
(1640,371526,'高唐县',3,371500),
(1641,371581,'临清市',3,371600),
(1642,371600,'滨州市',2,370000),
(1644,371602,'滨城区',3,371600),
(1645,371621,'惠民县',3,371600),
(1646,371622,'阳信县',3,371600),
(1647,371623,'无棣县',3,371600),
(1648,371624,'沾化县',3,371600),
(1649,371625,'博兴县',3,371600),
(1650,371626,'邹平县',3,371600),
(1651,371700,'菏泽市',2,370000),
(1653,371702,'牡丹区',3,371700),
(1654,371721,'曹县',3,371700),
(1655,371722,'单县',3,371700),
(1656,371723,'成武县',3,371700),
(1657,371724,'巨野县',3,371700),
(1658,371725,'郓城县',3,371700),
(1659,371726,'鄄城县',3,371700),
(1660,371727,'定陶县',3,371700),
(1661,371728,'东明县',3,371700),
(1662,410000,'河南省',1,0),
(1663,410100,'郑州市',2,410000),
(1665,410102,'中原区',3,410100),
(1666,410103,'二七区',3,410100),
(1667,410104,'管城回族区',3,410100),
(1668,410105,'金水区',3,410100),
(1669,410106,'上街区',3,410100),
(1670,410108,'惠济区',3,410100),
(1671,410122,'中牟县',3,410100),
(1672,410181,'巩义市',3,410200),
(1673,410182,'荥阳市',3,410200),
(1674,410183,'新密市',3,410200),
(1675,410184,'新郑市',3,410200),
(1676,410185,'登封市',3,410200),
(1677,410200,'开封市',2,410000),
(1679,410202,'龙亭区',3,410200),
(1680,410203,'顺河回族区',3,410200),
(1681,410204,'鼓楼区',3,410200),
(1682,410205,'禹王台区',3,410200),
(1683,410211,'金明区',3,410200),
(1684,410221,'杞县',3,410200),
(1685,410222,'通许县',3,410200),
(1686,410223,'尉氏县',3,410200),
(1687,410224,'开封县',3,410200),
(1688,410225,'兰考县',3,410200),
(1689,410300,'洛阳市',2,410000),
(1691,410302,'老城区',3,410300),
(1692,410303,'西工区',3,410300),
(1693,410304,'瀍河回族区',3,410300),
(1694,410305,'涧西区',3,410300),
(1695,410306,'吉利区',3,410300),
(1696,410311,'洛龙区',3,410300),
(1697,410322,'孟津县',3,410300),
(1698,410323,'新安县',3,410300),
(1699,410324,'栾川县',3,410300),
(1700,410325,'嵩县',3,410300),
(1701,410326,'汝阳县',3,410300),
(1702,410327,'宜阳县',3,410300),
(1703,410328,'洛宁县',3,410300),
(1704,410329,'伊川县',3,410300),
(1705,410381,'偃师市',3,410400),
(1706,410400,'平顶山市',2,410000),
(1708,410402,'新华区',3,410400),
(1709,410403,'卫东区',3,410400),
(1710,410404,'石龙区',3,410400),
(1711,410411,'湛河区',3,410400),
(1712,410421,'宝丰县',3,410400),
(1713,410422,'叶县',3,410400),
(1714,410423,'鲁山县',3,410400),
(1715,410425,'郏县',3,410400),
(1716,410481,'舞钢市',3,410500),
(1717,410482,'汝州市',3,410500),
(1718,410500,'安阳市',2,410000),
(1720,410502,'文峰区',3,410500),
(1721,410503,'北关区',3,410500),
(1722,410505,'殷都区',3,410500),
(1723,410506,'龙安区',3,410500),
(1724,410522,'安阳县',3,410500),
(1725,410523,'汤阴县',3,410500),
(1726,410526,'滑县',3,410500),
(1727,410527,'内黄县',3,410500),
(1728,410581,'林州市',3,410600),
(1729,410600,'鹤壁市',2,410000),
(1731,410602,'鹤山区',3,410600),
(1732,410603,'山城区',3,410600),
(1733,410611,'淇滨区',3,410600),
(1734,410621,'浚县',3,410600),
(1735,410622,'淇县',3,410600),
(1736,410700,'新乡市',2,410000),
(1738,410702,'红旗区',3,410700),
(1739,410703,'卫滨区',3,410700),
(1740,410704,'凤泉区',3,410700),
(1741,410711,'牧野区',3,410700),
(1742,410721,'新乡县',3,410700),
(1743,410724,'获嘉县',3,410700),
(1744,410725,'原阳县',3,410700),
(1745,410726,'延津县',3,410700),
(1746,410727,'封丘县',3,410700),
(1747,410728,'长垣县',3,410700),
(1748,410781,'卫辉市',3,410800),
(1749,410782,'辉县市',3,410800),
(1750,410800,'焦作市',2,410000),
(1752,410802,'解放区',3,410800),
(1753,410803,'中站区',3,410800),
(1754,410804,'马村区',3,410800),
(1755,410811,'山阳区',3,410800),
(1756,410821,'修武县',3,410800),
(1757,410822,'博爱县',3,410800),
(1758,410823,'武陟县',3,410800),
(1759,410825,'温县',3,410800),
(1760,410882,'沁阳市',3,410900),
(1761,410883,'孟州市',3,410900),
(1762,410900,'濮阳市',2,410000),
(1764,410902,'华龙区',3,410900),
(1765,410922,'清丰县',3,410900),
(1766,410923,'南乐县',3,410900),
(1767,410926,'范县',3,410900),
(1768,410927,'台前县',3,410900),
(1769,410928,'濮阳县',3,410900),
(1770,411000,'许昌市',2,410000),
(1772,411002,'魏都区',3,411000),
(1773,411023,'许昌县',3,411000),
(1774,411024,'鄢陵县',3,411000),
(1775,411025,'襄城县',3,411000),
(1776,411081,'禹州市',3,411100),
(1777,411082,'长葛市',3,411100),
(1778,411100,'漯河市',2,410000),
(1780,411102,'源汇区',3,411100),
(1781,411103,'郾城区',3,411100),
(1782,411104,'召陵区',3,411100),
(1783,411121,'舞阳县',3,411100),
(1784,411122,'临颍县',3,411100),
(1785,411200,'三门峡市',2,410000),
(1787,411202,'湖滨区',3,411200),
(1788,411221,'渑池县',3,411200),
(1789,411222,'陕县',3,411200),
(1790,411224,'卢氏县',3,411200),
(1791,411281,'义马市',3,411300),
(1792,411282,'灵宝市',3,411300),
(1793,411300,'南阳市',2,410000),
(1795,411302,'宛城区',3,411300),
(1796,411303,'卧龙区',3,411300),
(1797,411321,'南召县',3,411300),
(1798,411322,'方城县',3,411300),
(1799,411323,'西峡县',3,411300),
(1800,411324,'镇平县',3,411300),
(1801,411325,'内乡县',3,411300),
(1802,411326,'淅川县',3,411300),
(1803,411327,'社旗县',3,411300),
(1804,411328,'唐河县',3,411300),
(1805,411329,'新野县',3,411300),
(1806,411330,'桐柏县',3,411300),
(1807,411381,'邓州市',3,411400),
(1808,411400,'商丘市',2,410000),
(1810,411402,'梁园区',3,411400),
(1811,411403,'睢阳区',3,411400),
(1812,411421,'民权县',3,411400),
(1813,411422,'睢县',3,411400),
(1814,411423,'宁陵县',3,411400),
(1815,411424,'柘城县',3,411400),
(1816,411425,'虞城县',3,411400),
(1817,411426,'夏邑县',3,411400),
(1818,411481,'永城市',3,411500),
(1819,411500,'信阳市',2,410000),
(1821,411502,'浉河区',3,411500),
(1822,411503,'平桥区',3,411500),
(1823,411521,'罗山县',3,411500),
(1824,411522,'光山县',3,411500),
(1825,411523,'新县',3,411500),
(1826,411524,'商城县',3,411500),
(1827,411525,'固始县',3,411500),
(1828,411526,'潢川县',3,411500),
(1829,411527,'淮滨县',3,411500),
(1830,411528,'息县',3,411500),
(1831,411600,'周口市',2,410000),
(1833,411602,'川汇区',3,411600),
(1834,411621,'扶沟县',3,411600),
(1835,411622,'西华县',3,411600),
(1836,411623,'商水县',3,411600),
(1837,411624,'沈丘县',3,411600),
(1838,411625,'郸城县',3,411600),
(1839,411626,'淮阳县',3,411600),
(1840,411627,'太康县',3,411600),
(1841,411628,'鹿邑县',3,411600),
(1842,411681,'项城市',3,411700),
(1843,411700,'驻马店市',2,410000),
(1845,411702,'驿城区',3,411700),
(1846,411721,'西平县',3,411700),
(1847,411722,'上蔡县',3,411700),
(1848,411723,'平舆县',3,411700),
(1849,411724,'正阳县',3,411700),
(1850,411725,'确山县',3,411700),
(1851,411726,'泌阳县',3,411700),
(1852,411727,'汝南县',3,411700),
(1853,411728,'遂平县',3,411700),
(1854,411729,'新蔡县',3,411700),
(1855,419000,'省直辖县级行政区划',2,420000),
(1856,419001,'济源市',3,419000),
(1857,420000,'湖北省',1,0),
(1858,420100,'武汉市',2,420000),
(1860,420102,'江岸区',3,420100),
(1861,420103,'江汉区',3,420100),
(1862,420104,'硚口区',3,420100),
(1863,420105,'汉阳区',3,420100),
(1864,420106,'武昌区',3,420100),
(1865,420107,'青山区',3,420100),
(1866,420111,'洪山区',3,420100),
(1867,420112,'东西湖区',3,420100),
(1868,420113,'汉南区',3,420100),
(1869,420114,'蔡甸区',3,420100),
(1870,420115,'江夏区',3,420100),
(1871,420116,'黄陂区',3,420100),
(1872,420117,'新洲区',3,420100),
(1873,420200,'黄石市',2,420000),
(1875,420202,'黄石港区',3,420200),
(1876,420203,'西塞山区',3,420200),
(1877,420204,'下陆区',3,420200),
(1878,420205,'铁山区',3,420200),
(1879,420222,'阳新县',3,420200),
(1880,420281,'大冶市',3,420300),
(1881,420300,'十堰市',2,420000),
(1883,420302,'茅箭区',3,420300),
(1884,420303,'张湾区',3,420300),
(1885,420321,'郧县',3,420300),
(1886,420322,'郧西县',3,420300),
(1887,420323,'竹山县',3,420300),
(1888,420324,'竹溪县',3,420300),
(1889,420325,'房县',3,420300),
(1890,420381,'丹江口市',3,420400),
(1891,420500,'宜昌市',2,420000),
(1893,420502,'西陵区',3,420500),
(1894,420503,'伍家岗区',3,420500),
(1895,420504,'点军区',3,420500),
(1896,420505,'猇亭区',3,420500),
(1897,420506,'夷陵区',3,420500),
(1898,420525,'远安县',3,420500),
(1899,420526,'兴山县',3,420500),
(1900,420527,'秭归县',3,420500),
(1901,420528,'长阳土家族自治县',3,420500),
(1902,420529,'五峰土家族自治县',3,420500),
(1903,420581,'宜都市',3,420600),
(1904,420582,'当阳市',3,420600),
(1905,420583,'枝江市',3,420600),
(1906,420600,'襄阳市',2,420000),
(1908,420602,'襄城区',3,420600),
(1909,420606,'樊城区',3,420600),
(1910,420607,'襄州区',3,420600),
(1911,420624,'南漳县',3,420600),
(1912,420625,'谷城县',3,420600),
(1913,420626,'保康县',3,420600),
(1914,420682,'老河口市',3,420700),
(1915,420683,'枣阳市',3,420700),
(1916,420684,'宜城市',3,420700),
(1917,420700,'鄂州市',2,420000),
(1919,420702,'梁子湖区',3,420700),
(1920,420703,'华容区',3,420700),
(1921,420704,'鄂城区',3,420700),
(1922,420800,'荆门市',2,420000),
(1924,420802,'东宝区',3,420800),
(1925,420804,'掇刀区',3,420800),
(1926,420821,'京山县',3,420800),
(1927,420822,'沙洋县',3,420800),
(1928,420881,'钟祥市',3,420900),
(1929,420900,'孝感市',2,420000),
(1931,420902,'孝南区',3,420900),
(1932,420921,'孝昌县',3,420900),
(1933,420922,'大悟县',3,420900),
(1934,420923,'云梦县',3,420900),
(1935,420981,'应城市',3,421000),
(1936,420982,'安陆市',3,421000),
(1937,420984,'汉川市',3,421000),
(1938,421000,'荆州市',2,420000),
(1940,421002,'沙市区',3,421000),
(1941,421003,'荆州区',3,421000),
(1942,421022,'公安县',3,421000),
(1943,421023,'监利县',3,421000),
(1944,421024,'江陵县',3,421000),
(1945,421081,'石首市',3,421100),
(1946,421083,'洪湖市',3,421100),
(1947,421087,'松滋市',3,421100),
(1948,421100,'黄冈市',2,420000),
(1950,421102,'黄州区',3,421100),
(1951,421121,'团风县',3,421100),
(1952,421122,'红安县',3,421100),
(1953,421123,'罗田县',3,421100),
(1954,421124,'英山县',3,421100),
(1955,421125,'浠水县',3,421100),
(1956,421126,'蕲春县',3,421100),
(1957,421127,'黄梅县',3,421100),
(1958,421181,'麻城市',3,421200),
(1959,421182,'武穴市',3,421200),
(1960,421200,'咸宁市',2,420000),
(1962,421202,'咸安区',3,421200),
(1963,421221,'嘉鱼县',3,421200),
(1964,421222,'通城县',3,421200),
(1965,421223,'崇阳县',3,421200),
(1966,421224,'通山县',3,421200),
(1967,421281,'赤壁市',3,421300),
(1968,421300,'随州市',2,420000),
(1970,421303,'曾都区',3,421300),
(1971,421321,'随县',3,421300),
(1972,421381,'广水市',3,421400),
(1973,422800,'恩施土家族苗族自治州',2,420000),
(1974,422801,'恩施市',3,422800),
(1975,422802,'利川市',3,422800),
(1976,422822,'建始县',3,422800),
(1977,422823,'巴东县',3,422800),
(1978,422825,'宣恩县',3,422800),
(1979,422826,'咸丰县',3,422800),
(1980,422827,'来凤县',3,422800),
(1981,422828,'鹤峰县',3,422800),
(1982,429000,'省直辖县级行政区划',2,430000),
(1983,429004,'仙桃市',3,429000),
(1984,429005,'潜江市',3,429000),
(1985,429006,'天门市',3,429000),
(1986,429021,'神农架林区',3,429000),
(1987,430000,'湖南省',1,0),
(1988,430100,'长沙市',2,430000),
(1990,430102,'芙蓉区',3,430100),
(1991,430103,'天心区',3,430100),
(1992,430104,'岳麓区',3,430100),
(1993,430105,'开福区',3,430100),
(1994,430111,'雨花区',3,430100),
(1995,430112,'望城区',3,430100),
(1996,430121,'长沙县',3,430100),
(1997,430124,'宁乡县',3,430100),
(1998,430181,'浏阳市',3,430200),
(1999,430200,'株洲市',2,430000),
(2001,430202,'荷塘区',3,430200),
(2002,430203,'芦淞区',3,430200),
(2003,430204,'石峰区',3,430200),
(2004,430211,'天元区',3,430200),
(2005,430221,'株洲县',3,430200),
(2006,430223,'攸县',3,430200),
(2007,430224,'茶陵县',3,430200),
(2008,430225,'炎陵县',3,430200),
(2009,430281,'醴陵市',3,430300),
(2010,430300,'湘潭市',2,430000),
(2012,430302,'雨湖区',3,430300),
(2013,430304,'岳塘区',3,430300),
(2014,430321,'湘潭县',3,430300),
(2015,430381,'湘乡市',3,430400),
(2016,430382,'韶山市',3,430400),
(2017,430400,'衡阳市',2,430000),
(2019,430405,'珠晖区',3,430400),
(2020,430406,'雁峰区',3,430400),
(2021,430407,'石鼓区',3,430400),
(2022,430408,'蒸湘区',3,430400),
(2023,430412,'南岳区',3,430400),
(2024,430421,'衡阳县',3,430400),
(2025,430422,'衡南县',3,430400),
(2026,430423,'衡山县',3,430400),
(2027,430424,'衡东县',3,430400),
(2028,430426,'祁东县',3,430400),
(2029,430481,'耒阳市',3,430500),
(2030,430482,'常宁市',3,430500),
(2031,430500,'邵阳市',2,430000),
(2033,430502,'双清区',3,430500),
(2034,430503,'大祥区',3,430500),
(2035,430511,'北塔区',3,430500),
(2036,430521,'邵东县',3,430500),
(2037,430522,'新邵县',3,430500),
(2038,430523,'邵阳县',3,430500),
(2039,430524,'隆回县',3,430500),
(2040,430525,'洞口县',3,430500),
(2041,430527,'绥宁县',3,430500),
(2042,430528,'新宁县',3,430500),
(2043,430529,'城步苗族自治县',3,430500),
(2044,430581,'武冈市',3,430600),
(2045,430600,'岳阳市',2,430000),
(2047,430602,'岳阳楼区',3,430600),
(2048,430603,'云溪区',3,430600),
(2049,430611,'君山区',3,430600),
(2050,430621,'岳阳县',3,430600),
(2051,430623,'华容县',3,430600),
(2052,430624,'湘阴县',3,430600),
(2053,430626,'平江县',3,430600),
(2054,430681,'汨罗市',3,430700),
(2055,430682,'临湘市',3,430700),
(2056,430700,'常德市',2,430000),
(2058,430702,'武陵区',3,430700),
(2059,430703,'鼎城区',3,430700),
(2060,430721,'安乡县',3,430700),
(2061,430722,'汉寿县',3,430700),
(2062,430723,'澧县',3,430700),
(2063,430724,'临澧县',3,430700),
(2064,430725,'桃源县',3,430700),
(2065,430726,'石门县',3,430700),
(2066,430781,'津市市',3,430800),
(2067,430800,'张家界市',2,430000),
(2069,430802,'永定区',3,430800),
(2070,430811,'武陵源区',3,430800),
(2071,430821,'慈利县',3,430800),
(2072,430822,'桑植县',3,430800),
(2073,430900,'益阳市',2,430000),
(2075,430902,'资阳区',3,430900),
(2076,430903,'赫山区',3,430900),
(2077,430921,'南县',3,430900),
(2078,430922,'桃江县',3,430900),
(2079,430923,'安化县',3,430900),
(2080,430981,'沅江市',3,431000),
(2081,431000,'郴州市',2,430000),
(2083,431002,'北湖区',3,431000),
(2084,431003,'苏仙区',3,431000),
(2085,431021,'桂阳县',3,431000),
(2086,431022,'宜章县',3,431000),
(2087,431023,'永兴县',3,431000),
(2088,431024,'嘉禾县',3,431000),
(2089,431025,'临武县',3,431000),
(2090,431026,'汝城县',3,431000),
(2091,431027,'桂东县',3,431000),
(2092,431028,'安仁县',3,431000),
(2093,431081,'资兴市',3,431100),
(2094,431100,'永州市',2,430000),
(2096,431102,'零陵区',3,431100),
(2097,431103,'冷水滩区',3,431100),
(2098,431121,'祁阳县',3,431100),
(2099,431122,'东安县',3,431100),
(2100,431123,'双牌县',3,431100),
(2101,431124,'道县',3,431100),
(2102,431125,'江永县',3,431100),
(2103,431126,'宁远县',3,431100),
(2104,431127,'蓝山县',3,431100),
(2105,431128,'新田县',3,431100),
(2106,431129,'江华瑶族自治县',3,431100),
(2107,431200,'怀化市',2,430000),
(2109,431202,'鹤城区',3,431200),
(2110,431221,'中方县',3,431200),
(2111,431222,'沅陵县',3,431200),
(2112,431223,'辰溪县',3,431200),
(2113,431224,'溆浦县',3,431200),
(2114,431225,'会同县',3,431200),
(2115,431226,'麻阳苗族自治县',3,431200),
(2116,431227,'新晃侗族自治县',3,431200),
(2117,431228,'芷江侗族自治县',3,431200),
(2118,431229,'靖州苗族侗族自治县',3,431200),
(2119,431230,'通道侗族自治县',3,431200),
(2120,431281,'洪江市',3,431300),
(2121,431300,'娄底市',2,430000),
(2123,431302,'娄星区',3,431300),
(2124,431321,'双峰县',3,431300),
(2125,431322,'新化县',3,431300),
(2126,431381,'冷水江市',3,431400),
(2127,431382,'涟源市',3,431400),
(2128,433100,'湘西土家族苗族自治州',2,430000),
(2129,433101,'吉首市',3,433100),
(2130,433122,'泸溪县',3,433100),
(2131,433123,'凤凰县',3,433100),
(2132,433124,'花垣县',3,433100),
(2133,433125,'保靖县',3,433100),
(2134,433126,'古丈县',3,433100),
(2135,433127,'永顺县',3,433100),
(2136,433130,'龙山县',3,433100),
(2137,440000,'广东省',1,0),
(2138,440100,'广州市',2,440000),
(2140,440103,'荔湾区',3,440100),
(2141,440104,'越秀区',3,440100),
(2142,440105,'海珠区',3,440100),
(2143,440106,'天河区',3,440100),
(2144,440111,'白云区',3,440100),
(2145,440112,'黄埔区',3,440100),
(2146,440113,'番禺区',3,440100),
(2147,440114,'花都区',3,440100),
(2148,440115,'南沙区',3,440100),
(2149,440116,'萝岗区',3,440100),
(2150,440183,'增城市',3,440200),
(2151,440184,'从化市',3,440200),
(2152,440200,'韶关市',2,440000),
(2154,440203,'武江区',3,440200),
(2155,440204,'浈江区',3,440200),
(2156,440205,'曲江区',3,440200),
(2157,440222,'始兴县',3,440200),
(2158,440224,'仁化县',3,440200),
(2159,440229,'翁源县',3,440200),
(2160,440232,'乳源瑶族自治县',3,440200),
(2161,440233,'新丰县',3,440200),
(2162,440281,'乐昌市',3,440300),
(2163,440282,'南雄市',3,440300),
(2164,440300,'深圳市',2,440000),
(2166,440303,'罗湖区',3,440300),
(2167,440304,'福田区',3,440300),
(2168,440305,'南山区',3,440300),
(2169,440306,'宝安区',3,440300),
(2170,440307,'龙岗区',3,440300),
(2171,440308,'盐田区',3,440300),
(2172,440400,'珠海市',2,440000),
(2174,440402,'香洲区',3,440400),
(2175,440403,'斗门区',3,440400),
(2176,440404,'金湾区',3,440400),
(2177,440500,'汕头市',2,440000),
(2179,440507,'龙湖区',3,440500),
(2180,440511,'金平区',3,440500),
(2181,440512,'濠江区',3,440500),
(2182,440513,'潮阳区',3,440500),
(2183,440514,'潮南区',3,440500),
(2184,440515,'澄海区',3,440500),
(2185,440523,'南澳县',3,440500),
(2186,440600,'佛山市',2,440000),
(2188,440604,'禅城区',3,440600),
(2189,440605,'南海区',3,440600),
(2190,440606,'顺德区',3,440600),
(2191,440607,'三水区',3,440600),
(2192,440608,'高明区',3,440600),
(2193,440700,'江门市',2,440000),
(2195,440703,'蓬江区',3,440700),
(2196,440704,'江海区',3,440700),
(2197,440705,'新会区',3,440700),
(2198,440781,'台山市',3,440800),
(2199,440783,'开平市',3,440800),
(2200,440784,'鹤山市',3,440800),
(2201,440785,'恩平市',3,440800),
(2202,440800,'湛江市',2,440000),
(2204,440802,'赤坎区',3,440800),
(2205,440803,'霞山区',3,440800),
(2206,440804,'坡头区',3,440800),
(2207,440811,'麻章区',3,440800),
(2208,440823,'遂溪县',3,440800),
(2209,440825,'徐闻县',3,440800),
(2210,440881,'廉江市',3,440900),
(2211,440882,'雷州市',3,440900),
(2212,440883,'吴川市',3,440900),
(2213,440900,'茂名市',2,440000),
(2215,440902,'茂南区',3,440900),
(2216,440903,'茂港区',3,440900),
(2217,440923,'电白县',3,440900),
(2218,440981,'高州市',3,441000),
(2219,440982,'化州市',3,441000),
(2220,440983,'信宜市',3,441000),
(2221,441200,'肇庆市',2,440000),
(2223,441202,'端州区',3,441200),
(2224,441203,'鼎湖区',3,441200),
(2225,441223,'广宁县',3,441200),
(2226,441224,'怀集县',3,441200),
(2227,441225,'封开县',3,441200),
(2228,441226,'德庆县',3,441200),
(2229,441283,'高要市',3,441300),
(2230,441284,'四会市',3,441300),
(2231,441300,'惠州市',2,440000),
(2233,441302,'惠城区',3,441300),
(2234,441303,'惠阳区',3,441300),
(2235,441322,'博罗县',3,441300),
(2236,441323,'惠东县',3,441300),
(2237,441324,'龙门县',3,441300),
(2238,441400,'梅州市',2,440000),
(2240,441402,'梅江区',3,441400),
(2241,441421,'梅县',3,441400),
(2242,441422,'大埔县',3,441400),
(2243,441423,'丰顺县',3,441400),
(2244,441424,'五华县',3,441400),
(2245,441426,'平远县',3,441400),
(2246,441427,'蕉岭县',3,441400),
(2247,441481,'兴宁市',3,441500),
(2248,441500,'汕尾市',2,440000),
(2250,441502,'城区',3,441500),
(2251,441521,'海丰县',3,441500),
(2252,441523,'陆河县',3,441500),
(2253,441581,'陆丰市',3,441600),
(2254,441600,'河源市',2,440000),
(2256,441602,'源城区',3,441600),
(2257,441621,'紫金县',3,441600),
(2258,441622,'龙川县',3,441600),
(2259,441623,'连平县',3,441600),
(2260,441624,'和平县',3,441600),
(2261,441625,'东源县',3,441600),
(2262,441700,'阳江市',2,440000),
(2264,441702,'江城区',3,441700),
(2265,441721,'阳西县',3,441700),
(2266,441723,'阳东县',3,441700),
(2267,441781,'阳春市',3,441800),
(2268,441800,'清远市',2,440000),
(2270,441802,'清城区',3,441800),
(2271,441821,'佛冈县',3,441800),
(2272,441823,'阳山县',3,441800),
(2273,441825,'连山壮族瑶族自治县',3,441800),
(2274,441826,'连南瑶族自治县',3,441800),
(2275,441827,'清新县',3,441800),
(2276,441881,'英德市',3,441900),
(2277,441882,'连州市',3,441900),
(2278,441900,'东莞市',2,440000),
(2279,442000,'中山市',2,440000),
(2280,445100,'潮州市',2,450000),
(2282,445102,'湘桥区',3,445100),
(2283,445121,'潮安县',3,445100),
(2284,445122,'饶平县',3,445100),
(2285,445200,'揭阳市',2,450000),
(2287,445202,'榕城区',3,445200),
(2288,445221,'揭东县',3,445200),
(2289,445222,'揭西县',3,445200),
(2290,445224,'惠来县',3,445200),
(2291,445281,'普宁市',3,445300),
(2292,445300,'云浮市',2,450000),
(2294,445302,'云城区',3,445300),
(2295,445321,'新兴县',3,445300),
(2296,445322,'郁南县',3,445300),
(2297,445323,'云安县',3,445300),
(2298,445381,'罗定市',3,445400),
(2299,450000,'广西壮族自治区',1,0),
(2300,450100,'南宁市',2,450000),
(2302,450102,'兴宁区',3,450100),
(2303,450103,'青秀区',3,450100),
(2304,450105,'江南区',3,450100),
(2305,450107,'西乡塘区',3,450100),
(2306,450108,'良庆区',3,450100),
(2307,450109,'邕宁区',3,450100),
(2308,450122,'武鸣县',3,450100),
(2309,450123,'隆安县',3,450100),
(2310,450124,'马山县',3,450100),
(2311,450125,'上林县',3,450100),
(2312,450126,'宾阳县',3,450100),
(2313,450127,'横县',3,450100),
(2314,450200,'柳州市',2,450000),
(2316,450202,'城中区',3,450200),
(2317,450203,'鱼峰区',3,450200),
(2318,450204,'柳南区',3,450200),
(2319,450205,'柳北区',3,450200),
(2320,450221,'柳江县',3,450200),
(2321,450222,'柳城县',3,450200),
(2322,450223,'鹿寨县',3,450200),
(2323,450224,'融安县',3,450200),
(2324,450225,'融水苗族自治县',3,450200),
(2325,450226,'三江侗族自治县',3,450200),
(2326,450300,'桂林市',2,450000),
(2328,450302,'秀峰区',3,450300),
(2329,450303,'叠彩区',3,450300),
(2330,450304,'象山区',3,450300),
(2331,450305,'七星区',3,450300),
(2332,450311,'雁山区',3,450300),
(2333,450321,'阳朔县',3,450300),
(2334,450322,'临桂县',3,450300),
(2335,450323,'灵川县',3,450300),
(2336,450324,'全州县',3,450300),
(2337,450325,'兴安县',3,450300),
(2338,450326,'永福县',3,450300),
(2339,450327,'灌阳县',3,450300),
(2340,450328,'龙胜各族自治县',3,450300),
(2341,450329,'资源县',3,450300),
(2342,450330,'平乐县',3,450300),
(2343,450331,'荔浦县',3,450300),
(2344,450332,'恭城瑶族自治县',3,450300),
(2345,450400,'梧州市',2,450000),
(2347,450403,'万秀区',3,450400),
(2348,450404,'蝶山区',3,450400),
(2349,450405,'长洲区',3,450400),
(2350,450421,'苍梧县',3,450400),
(2351,450422,'藤县',3,450400),
(2352,450423,'蒙山县',3,450400),
(2353,450481,'岑溪市',3,450500),
(2354,450500,'北海市',2,450000),
(2356,450502,'海城区',3,450500),
(2357,450503,'银海区',3,450500),
(2358,450512,'铁山港区',3,450500),
(2359,450521,'合浦县',3,450500),
(2360,450600,'防城港市',2,450000),
(2362,450602,'港口区',3,450600),
(2363,450603,'防城区',3,450600),
(2364,450621,'上思县',3,450600),
(2365,450681,'东兴市',3,450700),
(2366,450700,'钦州市',2,450000),
(2368,450702,'钦南区',3,450700),
(2369,450703,'钦北区',3,450700),
(2370,450721,'灵山县',3,450700),
(2371,450722,'浦北县',3,450700),
(2372,450800,'贵港市',2,450000),
(2374,450802,'港北区',3,450800),
(2375,450803,'港南区',3,450800),
(2376,450804,'覃塘区',3,450800),
(2377,450821,'平南县',3,450800),
(2378,450881,'桂平市',3,450900),
(2379,450900,'玉林市',2,450000),
(2381,450902,'玉州区',3,450900),
(2382,450921,'容县',3,450900),
(2383,450922,'陆川县',3,450900),
(2384,450923,'博白县',3,450900),
(2385,450924,'兴业县',3,450900),
(2386,450981,'北流市',3,451000),
(2387,451000,'百色市',2,450000),
(2389,451002,'右江区',3,451000),
(2390,451021,'田阳县',3,451000),
(2391,451022,'田东县',3,451000),
(2392,451023,'平果县',3,451000),
(2393,451024,'德保县',3,451000),
(2394,451025,'靖西县',3,451000),
(2395,451026,'那坡县',3,451000),
(2396,451027,'凌云县',3,451000),
(2397,451028,'乐业县',3,451000),
(2398,451029,'田林县',3,451000),
(2399,451030,'西林县',3,451000),
(2400,451031,'隆林各族自治县',3,451000),
(2401,451100,'贺州市',2,450000),
(2403,451102,'八步区',3,451100),
(2404,451121,'昭平县',3,451100),
(2405,451122,'钟山县',3,451100),
(2406,451123,'富川瑶族自治县',3,451100),
(2407,451200,'河池市',2,450000),
(2409,451202,'金城江区',3,451200),
(2410,451221,'南丹县',3,451200),
(2411,451222,'天峨县',3,451200),
(2412,451223,'凤山县',3,451200),
(2413,451224,'东兰县',3,451200),
(2414,451225,'罗城仫佬族自治县',3,451200),
(2415,451226,'环江毛南族自治县',3,451200),
(2416,451227,'巴马瑶族自治县',3,451200),
(2417,451228,'都安瑶族自治县',3,451200),
(2418,451229,'大化瑶族自治县',3,451200),
(2419,451281,'宜州市',3,451300),
(2420,451300,'来宾市',2,450000),
(2422,451302,'兴宾区',3,451300),
(2423,451321,'忻城县',3,451300),
(2424,451322,'象州县',3,451300),
(2425,451323,'武宣县',3,451300),
(2426,451324,'金秀瑶族自治县',3,451300),
(2427,451381,'合山市',3,451400),
(2428,451400,'崇左市',2,450000),
(2430,451402,'江洲区',3,451400),
(2431,451421,'扶绥县',3,451400),
(2432,451422,'宁明县',3,451400),
(2433,451423,'龙州县',3,451400),
(2434,451424,'大新县',3,451400),
(2435,451425,'天等县',3,451400),
(2436,451481,'凭祥市',3,451500),
(2437,460000,'海南省',1,0),
(2438,460100,'海口市',2,460000),
(2440,460105,'秀英区',3,460100),
(2441,460106,'龙华区',3,460100),
(2442,460107,'琼山区',3,460100),
(2443,460108,'美兰区',3,460100),
(2444,460200,'三亚市',2,460000),
(2446,460300,'三沙市',2,460000),
(2447,460321,'西沙群岛',3,460300),
(2448,460322,'南沙群岛',3,460300),
(2449,460323,'中沙群岛的岛礁及其海域',3,460300),
(2450,469000,'省直辖县级行政区划',2,470000),
(2451,469001,'五指山市',3,469000),
(2452,469002,'琼海市',3,469000),
(2453,469003,'儋州市',3,469000),
(2454,469005,'文昌市',3,469000),
(2455,469006,'万宁市',3,469000),
(2456,469007,'东方市',3,469000),
(2457,469021,'定安县',3,469000),
(2458,469022,'屯昌县',3,469000),
(2459,469023,'澄迈县',3,469000),
(2460,469024,'临高县',3,469000),
(2461,469025,'白沙黎族自治县',3,469000),
(2462,469026,'昌江黎族自治县',3,469000),
(2463,469027,'乐东黎族自治县',3,469000),
(2464,469028,'陵水黎族自治县',3,469000),
(2465,469029,'保亭黎族苗族自治县',3,469000),
(2466,469030,'琼中黎族苗族自治县',3,469000),
(2467,500000,'重庆市',1,500000),
(2469,500101,'万州区',3,500100),
(2470,500102,'涪陵区',3,500100),
(2471,500103,'渝中区',3,500100),
(2472,500104,'大渡口区',3,500100),
(2473,500105,'江北区',3,500100),
(2474,500106,'沙坪坝区',3,500100),
(2475,500107,'九龙坡区',3,500100),
(2476,500108,'南岸区',3,500100),
(2477,500109,'北碚区',3,500100),
(2478,500110,'綦江区',3,500100),
(2479,500111,'大足区',3,500100),
(2480,500112,'渝北区',3,500100),
(2481,500113,'巴南区',3,500100),
(2482,500114,'黔江区',3,500100),
(2483,500115,'长寿区',3,500100),
(2484,500116,'江津区',3,500100),
(2485,500117,'合川区',3,500100),
(2486,500118,'永川区',3,500100),
(2487,500119,'南川区',3,500100),
(2489,500223,'潼南县',3,500200),
(2490,500224,'铜梁县',3,500200),
(2491,500226,'荣昌县',3,500200),
(2492,500227,'璧山县',3,500200),
(2493,500228,'梁平县',3,500200),
(2494,500229,'城口县',3,500200),
(2495,500230,'丰都县',3,500200),
(2496,500231,'垫江县',3,500200),
(2497,500232,'武隆县',3,500200),
(2498,500233,'忠县',3,500200),
(2499,500234,'开县',3,500200),
(2500,500235,'云阳县',3,500200),
(2501,500236,'奉节县',3,500200),
(2502,500237,'巫山县',3,500200),
(2503,500238,'巫溪县',3,500200),
(2504,500240,'石柱土家族自治县',3,500200),
(2505,500241,'秀山土家族苗族自治县',3,500200),
(2506,500242,'酉阳土家族苗族自治县',3,500200),
(2507,500243,'彭水苗族土家族自治县',3,500200),
(2508,510000,'四川省',1,0),
(2509,510100,'成都市',2,510000),
(2511,510104,'锦江区',3,510100),
(2512,510105,'青羊区',3,510100),
(2513,510106,'金牛区',3,510100),
(2514,510107,'武侯区',3,510100),
(2515,510108,'成华区',3,510100),
(2516,510112,'龙泉驿区',3,510100),
(2517,510113,'青白江区',3,510100),
(2518,510114,'新都区',3,510100),
(2519,510115,'温江区',3,510100),
(2520,510121,'金堂县',3,510100),
(2521,510122,'双流县',3,510100),
(2522,510124,'郫县',3,510100),
(2523,510129,'大邑县',3,510100),
(2524,510131,'蒲江县',3,510100),
(2525,510132,'新津县',3,510100),
(2526,510181,'都江堰市',3,510200),
(2527,510182,'彭州市',3,510200),
(2528,510183,'邛崃市',3,510200),
(2529,510184,'崇州市',3,510200),
(2530,510300,'自贡市',2,510000),
(2532,510302,'自流井区',3,510300),
(2533,510303,'贡井区',3,510300),
(2534,510304,'大安区',3,510300),
(2535,510311,'沿滩区',3,510300),
(2536,510321,'荣县',3,510300),
(2537,510322,'富顺县',3,510300),
(2538,510400,'攀枝花市',2,510000),
(2540,510402,'东区',3,510400),
(2541,510403,'西区',3,510400),
(2542,510411,'仁和区',3,510400),
(2543,510421,'米易县',3,510400),
(2544,510422,'盐边县',3,510400),
(2545,510500,'泸州市',2,510000),
(2547,510502,'江阳区',3,510500),
(2548,510503,'纳溪区',3,510500),
(2549,510504,'龙马潭区',3,510500),
(2550,510521,'泸县',3,510500),
(2551,510522,'合江县',3,510500),
(2552,510524,'叙永县',3,510500),
(2553,510525,'古蔺县',3,510500),
(2554,510600,'德阳市',2,510000),
(2556,510603,'旌阳区',3,510600),
(2557,510623,'中江县',3,510600),
(2558,510626,'罗江县',3,510600),
(2559,510681,'广汉市',3,510700),
(2560,510682,'什邡市',3,510700),
(2561,510683,'绵竹市',3,510700),
(2562,510700,'绵阳市',2,510000),
(2564,510703,'涪城区',3,510700),
(2565,510704,'游仙区',3,510700),
(2566,510722,'三台县',3,510700),
(2567,510723,'盐亭县',3,510700),
(2568,510724,'安县',3,510700),
(2569,510725,'梓潼县',3,510700),
(2570,510726,'北川羌族自治县',3,510700),
(2571,510727,'平武县',3,510700),
(2572,510781,'江油市',3,510800),
(2573,510800,'广元市',2,510000),
(2575,510802,'利州区',3,510800),
(2576,510811,'元坝区',3,510800),
(2577,510812,'朝天区',3,510800),
(2578,510821,'旺苍县',3,510800),
(2579,510822,'青川县',3,510800),
(2580,510823,'剑阁县',3,510800),
(2581,510824,'苍溪县',3,510800),
(2582,510900,'遂宁市',2,510000),
(2584,510903,'船山区',3,510900),
(2585,510904,'安居区',3,510900),
(2586,510921,'蓬溪县',3,510900),
(2587,510922,'射洪县',3,510900),
(2588,510923,'大英县',3,510900),
(2589,511000,'内江市',2,510000),
(2591,511002,'市中区',3,511000),
(2592,511011,'东兴区',3,511000),
(2593,511024,'威远县',3,511000),
(2594,511025,'资中县',3,511000),
(2595,511028,'隆昌县',3,511000),
(2596,511100,'乐山市',2,510000),
(2598,511102,'市中区',3,511100),
(2599,511111,'沙湾区',3,511100),
(2600,511112,'五通桥区',3,511100),
(2601,511113,'金口河区',3,511100),
(2602,511123,'犍为县',3,511100),
(2603,511124,'井研县',3,511100),
(2604,511126,'夹江县',3,511100),
(2605,511129,'沐川县',3,511100),
(2606,511132,'峨边彝族自治县',3,511100),
(2607,511133,'马边彝族自治县',3,511100),
(2608,511181,'峨眉山市',3,511200),
(2609,511300,'南充市',2,510000),
(2611,511302,'顺庆区',3,511300),
(2612,511303,'高坪区',3,511300),
(2613,511304,'嘉陵区',3,511300),
(2614,511321,'南部县',3,511300),
(2615,511322,'营山县',3,511300),
(2616,511323,'蓬安县',3,511300),
(2617,511324,'仪陇县',3,511300),
(2618,511325,'西充县',3,511300),
(2619,511381,'阆中市',3,511400),
(2620,511400,'眉山市',2,510000),
(2622,511402,'东坡区',3,511400),
(2623,511421,'仁寿县',3,511400),
(2624,511422,'彭山县',3,511400),
(2625,511423,'洪雅县',3,511400),
(2626,511424,'丹棱县',3,511400),
(2627,511425,'青神县',3,511400),
(2628,511500,'宜宾市',2,510000),
(2630,511502,'翠屏区',3,511500),
(2631,511503,'南溪区',3,511500),
(2632,511521,'宜宾县',3,511500),
(2633,511523,'江安县',3,511500),
(2634,511524,'长宁县',3,511500),
(2635,511525,'高县',3,511500),
(2636,511526,'珙县',3,511500),
(2637,511527,'筠连县',3,511500),
(2638,511528,'兴文县',3,511500),
(2639,511529,'屏山县',3,511500),
(2640,511600,'广安市',2,510000),
(2642,511602,'广安区',3,511600),
(2643,511621,'岳池县',3,511600),
(2644,511622,'武胜县',3,511600),
(2645,511623,'邻水县',3,511600),
(2646,511681,'华蓥市',3,511700),
(2647,511700,'达州市',2,510000),
(2649,511702,'通川区',3,511700),
(2650,511721,'达县',3,511700),
(2651,511722,'宣汉县',3,511700),
(2652,511723,'开江县',3,511700),
(2653,511724,'大竹县',3,511700),
(2654,511725,'渠县',3,511700),
(2655,511781,'万源市',3,511800),
(2656,511800,'雅安市',2,510000),
(2658,511802,'雨城区',3,511800),
(2659,511803,'名山区',3,511800),
(2660,511822,'荥经县',3,511800),
(2661,511823,'汉源县',3,511800),
(2662,511824,'石棉县',3,511800),
(2663,511825,'天全县',3,511800),
(2664,511826,'芦山县',3,511800),
(2665,511827,'宝兴县',3,511800),
(2666,511900,'巴中市',2,510000),
(2668,511902,'巴州区',3,511900),
(2669,511921,'通江县',3,511900),
(2670,511922,'南江县',3,511900),
(2671,511923,'平昌县',3,511900),
(2672,512000,'资阳市',2,510000),
(2674,512002,'雁江区',3,512000),
(2675,512021,'安岳县',3,512000),
(2676,512022,'乐至县',3,512000),
(2677,512081,'简阳市',3,512100),
(2678,513200,'阿坝藏族羌族自治州',2,510000),
(2679,513221,'汶川县',3,513200),
(2680,513222,'理县',3,513200),
(2681,513223,'茂县',3,513200),
(2682,513224,'松潘县',3,513200),
(2683,513225,'九寨沟县',3,513200),
(2684,513226,'金川县',3,513200),
(2685,513227,'小金县',3,513200),
(2686,513228,'黑水县',3,513200),
(2687,513229,'马尔康县',3,513200),
(2688,513230,'壤塘县',3,513200),
(2689,513231,'阿坝县',3,513200),
(2690,513232,'若尔盖县',3,513200),
(2691,513233,'红原县',3,513200),
(2692,513300,'甘孜藏族自治州',2,510000),
(2693,513321,'康定县',3,513300),
(2694,513322,'泸定县',3,513300),
(2695,513323,'丹巴县',3,513300),
(2696,513324,'九龙县',3,513300),
(2697,513325,'雅江县',3,513300),
(2698,513326,'道孚县',3,513300),
(2699,513327,'炉霍县',3,513300),
(2700,513328,'甘孜县',3,513300),
(2701,513329,'新龙县',3,513300),
(2702,513330,'德格县',3,513300),
(2703,513331,'白玉县',3,513300),
(2704,513332,'石渠县',3,513300),
(2705,513333,'色达县',3,513300),
(2706,513334,'理塘县',3,513300),
(2707,513335,'巴塘县',3,513300),
(2708,513336,'乡城县',3,513300),
(2709,513337,'稻城县',3,513300),
(2710,513338,'得荣县',3,513300),
(2711,513400,'凉山彝族自治州',2,510000),
(2712,513401,'西昌市',3,513400),
(2713,513422,'木里藏族自治县',3,513400),
(2714,513423,'盐源县',3,513400),
(2715,513424,'德昌县',3,513400),
(2716,513425,'会理县',3,513400),
(2717,513426,'会东县',3,513400),
(2718,513427,'宁南县',3,513400),
(2719,513428,'普格县',3,513400),
(2720,513429,'布拖县',3,513400),
(2721,513430,'金阳县',3,513400),
(2722,513431,'昭觉县',3,513400),
(2723,513432,'喜德县',3,513400),
(2724,513433,'冕宁县',3,513400),
(2725,513434,'越西县',3,513400),
(2726,513435,'甘洛县',3,513400),
(2727,513436,'美姑县',3,513400),
(2728,513437,'雷波县',3,513400),
(2729,520000,'贵州省',1,0),
(2730,520100,'贵阳市',2,520000),
(2732,520102,'南明区',3,520100),
(2733,520103,'云岩区',3,520100),
(2734,520111,'花溪区',3,520100),
(2735,520112,'乌当区',3,520100),
(2736,520113,'白云区',3,520100),
(2737,520114,'小河区',3,520100),
(2738,520121,'开阳县',3,520100),
(2739,520122,'息烽县',3,520100),
(2740,520123,'修文县',3,520100),
(2741,520181,'清镇市',3,520200),
(2742,520200,'六盘水市',2,520000),
(2743,520201,'钟山区',3,520200),
(2744,520203,'六枝特区',3,520200),
(2745,520221,'水城县',3,520200),
(2746,520222,'盘县',3,520200),
(2747,520300,'遵义市',2,520000),
(2749,520302,'红花岗区',3,520300),
(2750,520303,'汇川区',3,520300),
(2751,520321,'遵义县',3,520300),
(2752,520322,'桐梓县',3,520300),
(2753,520323,'绥阳县',3,520300),
(2754,520324,'正安县',3,520300),
(2755,520325,'道真仡佬族苗族自治县',3,520300),
(2756,520326,'务川仡佬族苗族自治县',3,520300),
(2757,520327,'凤冈县',3,520300),
(2758,520328,'湄潭县',3,520300),
(2759,520329,'余庆县',3,520300),
(2760,520330,'习水县',3,520300),
(2761,520381,'赤水市',3,520400),
(2762,520382,'仁怀市',3,520400),
(2763,520400,'安顺市',2,520000),
(2765,520402,'西秀区',3,520400),
(2766,520421,'平坝县',3,520400),
(2767,520422,'普定县',3,520400),
(2768,520423,'镇宁布依族苗族自治县',3,520400),
(2769,520424,'关岭布依族苗族自治县',3,520400),
(2770,520425,'紫云苗族布依族自治县',3,520400),
(2771,520500,'毕节市',2,520000),
(2772,520502,'七星关区',3,520500),
(2773,520521,'大方县',3,520500),
(2774,520522,'黔西县',3,520500),
(2775,520523,'金沙县',3,520500),
(2776,520524,'织金县',3,520500),
(2777,520525,'纳雍县',3,520500),
(2778,520526,'威宁彝族回族苗族自治县',3,520500),
(2779,520527,'赫章县',3,520500),
(2780,520600,'铜仁市',2,520000),
(2781,520602,'碧江区',3,520600),
(2782,520603,'万山区',3,520600),
(2783,520621,'江口县',3,520600),
(2784,520622,'玉屏侗族自治县',3,520600),
(2785,520623,'石阡县',3,520600),
(2786,520624,'思南县',3,520600),
(2787,520625,'印江土家族苗族自治县',3,520600),
(2788,520626,'德江县',3,520600),
(2789,520627,'沿河土家族自治县',3,520600),
(2790,520628,'松桃苗族自治县',3,520600),
(2791,522300,'黔西南布依族苗族自治州',2,520000),
(2792,522301,'兴义市',3,522300),
(2793,522322,'兴仁县',3,522300),
(2794,522323,'普安县',3,522300),
(2795,522324,'晴隆县',3,522300),
(2796,522325,'贞丰县',3,522300),
(2797,522326,'望谟县',3,522300),
(2798,522327,'册亨县',3,522300),
(2799,522328,'安龙县',3,522300),
(2800,522600,'黔东南苗族侗族自治州',2,520000),
(2801,522601,'凯里市',3,522600),
(2802,522622,'黄平县',3,522600),
(2803,522623,'施秉县',3,522600),
(2804,522624,'三穗县',3,522600),
(2805,522625,'镇远县',3,522600),
(2806,522626,'岑巩县',3,522600),
(2807,522627,'天柱县',3,522600),
(2808,522628,'锦屏县',3,522600),
(2809,522629,'剑河县',3,522600),
(2810,522630,'台江县',3,522600),
(2811,522631,'黎平县',3,522600),
(2812,522632,'榕江县',3,522600),
(2813,522633,'从江县',3,522600),
(2814,522634,'雷山县',3,522600),
(2815,522635,'麻江县',3,522600),
(2816,522636,'丹寨县',3,522600),
(2817,522700,'黔南布依族苗族自治州',2,520000),
(2818,522701,'都匀市',3,522700),
(2819,522702,'福泉市',3,522700),
(2820,522722,'荔波县',3,522700),
(2821,522723,'贵定县',3,522700),
(2822,522725,'瓮安县',3,522700),
(2823,522726,'独山县',3,522700),
(2824,522727,'平塘县',3,522700),
(2825,522728,'罗甸县',3,522700),
(2826,522729,'长顺县',3,522700),
(2827,522730,'龙里县',3,522700),
(2828,522731,'惠水县',3,522700),
(2829,522732,'三都水族自治县',3,522700),
(2830,530000,'云南省',1,0),
(2831,530100,'昆明市',2,530000),
(2833,530102,'五华区',3,530100),
(2834,530103,'盘龙区',3,530100),
(2835,530111,'官渡区',3,530100),
(2836,530112,'西山区',3,530100),
(2837,530113,'东川区',3,530100),
(2838,530114,'呈贡区',3,530100),
(2839,530122,'晋宁县',3,530100),
(2840,530124,'富民县',3,530100),
(2841,530125,'宜良县',3,530100),
(2842,530126,'石林彝族自治县',3,530100),
(2843,530127,'嵩明县',3,530100),
(2844,530128,'禄劝彝族苗族自治县',3,530100),
(2845,530129,'寻甸回族彝族自治县',3,530100),
(2846,530181,'安宁市',3,530200),
(2847,530300,'曲靖市',2,530000),
(2849,530302,'麒麟区',3,530300),
(2850,530321,'马龙县',3,530300),
(2851,530322,'陆良县',3,530300),
(2852,530323,'师宗县',3,530300),
(2853,530324,'罗平县',3,530300),
(2854,530325,'富源县',3,530300),
(2855,530326,'会泽县',3,530300),
(2856,530328,'沾益县',3,530300),
(2857,530381,'宣威市',3,530400),
(2858,530400,'玉溪市',2,530000),
(2859,530402,'红塔区',3,530400),
(2860,530421,'江川县',3,530400),
(2861,530422,'澄江县',3,530400),
(2862,530423,'通海县',3,530400),
(2863,530424,'华宁县',3,530400),
(2864,530425,'易门县',3,530400),
(2865,530426,'峨山彝族自治县',3,530400),
(2866,530427,'新平彝族傣族自治县',3,530400),
(2867,530428,'元江哈尼族彝族傣族自治县',3,530400),
(2868,530500,'保山市',2,530000),
(2870,530502,'隆阳区',3,530500),
(2871,530521,'施甸县',3,530500),
(2872,530522,'腾冲县',3,530500),
(2873,530523,'龙陵县',3,530500),
(2874,530524,'昌宁县',3,530500),
(2875,530600,'昭通市',2,530000),
(2877,530602,'昭阳区',3,530600),
(2878,530621,'鲁甸县',3,530600),
(2879,530622,'巧家县',3,530600),
(2880,530623,'盐津县',3,530600),
(2881,530624,'大关县',3,530600),
(2882,530625,'永善县',3,530600),
(2883,530626,'绥江县',3,530600),
(2884,530627,'镇雄县',3,530600),
(2885,530628,'彝良县',3,530600),
(2886,530629,'威信县',3,530600),
(2887,530630,'水富县',3,530600),
(2888,530700,'丽江市',2,530000),
(2890,530702,'古城区',3,530700),
(2891,530721,'玉龙纳西族自治县',3,530700),
(2892,530722,'永胜县',3,530700),
(2893,530723,'华坪县',3,530700),
(2894,530724,'宁蒗彝族自治县',3,530700),
(2895,530800,'普洱市',2,530000),
(2897,530802,'思茅区',3,530800),
(2898,530821,'宁洱哈尼族彝族自治县',3,530800),
(2899,530822,'墨江哈尼族自治县',3,530800),
(2900,530823,'景东彝族自治县',3,530800),
(2901,530824,'景谷傣族彝族自治县',3,530800),
(2902,530825,'镇沅彝族哈尼族拉祜族自治县',3,530800),
(2903,530826,'江城哈尼族彝族自治县',3,530800),
(2904,530827,'孟连傣族拉祜族佤族自治县',3,530800),
(2905,530828,'澜沧拉祜族自治县',3,530800),
(2906,530829,'西盟佤族自治县',3,530800),
(2907,530900,'临沧市',2,530000),
(2909,530902,'临翔区',3,530900),
(2910,530921,'凤庆县',3,530900),
(2911,530922,'云县',3,530900),
(2912,530923,'永德县',3,530900),
(2913,530924,'镇康县',3,530900),
(2914,530925,'双江拉祜族佤族布朗族傣族自治县',3,530900),
(2915,530926,'耿马傣族佤族自治县',3,530900),
(2916,530927,'沧源佤族自治县',3,530900),
(2917,532300,'楚雄彝族自治州',2,530000),
(2918,532301,'楚雄市',3,532300),
(2919,532322,'双柏县',3,532300),
(2920,532323,'牟定县',3,532300),
(2921,532324,'南华县',3,532300),
(2922,532325,'姚安县',3,532300),
(2923,532326,'大姚县',3,532300),
(2924,532327,'永仁县',3,532300),
(2925,532328,'元谋县',3,532300),
(2926,532329,'武定县',3,532300),
(2927,532331,'禄丰县',3,532300),
(2928,532500,'红河哈尼族彝族自治州',2,530000),
(2929,532501,'个旧市',3,532500),
(2930,532502,'开远市',3,532500),
(2931,532503,'蒙自市',3,532500),
(2932,532523,'屏边苗族自治县',3,532500),
(2933,532524,'建水县',3,532500),
(2934,532525,'石屏县',3,532500),
(2935,532526,'弥勒县',3,532500),
(2936,532527,'泸西县',3,532500),
(2937,532528,'元阳县',3,532500),
(2938,532529,'红河县',3,532500),
(2939,532530,'金平苗族瑶族傣族自治县',3,532500),
(2940,532531,'绿春县',3,532500),
(2941,532532,'河口瑶族自治县',3,532500),
(2942,532600,'文山壮族苗族自治州',2,530000),
(2943,532601,'文山市',3,532600),
(2944,532622,'砚山县',3,532600),
(2945,532623,'西畴县',3,532600),
(2946,532624,'麻栗坡县',3,532600),
(2947,532625,'马关县',3,532600),
(2948,532626,'丘北县',3,532600),
(2949,532627,'广南县',3,532600),
(2950,532628,'富宁县',3,532600),
(2951,532800,'西双版纳傣族自治州',2,530000),
(2952,532801,'景洪市',3,532800),
(2953,532822,'勐海县',3,532800),
(2954,532823,'勐腊县',3,532800),
(2955,532900,'大理白族自治州',2,530000),
(2956,532901,'大理市',3,532900),
(2957,532922,'漾濞彝族自治县',3,532900),
(2958,532923,'祥云县',3,532900),
(2959,532924,'宾川县',3,532900),
(2960,532925,'弥渡县',3,532900),
(2961,532926,'南涧彝族自治县',3,532900),
(2962,532927,'巍山彝族回族自治县',3,532900),
(2963,532928,'永平县',3,532900),
(2964,532929,'云龙县',3,532900),
(2965,532930,'洱源县',3,532900),
(2966,532931,'剑川县',3,532900),
(2967,532932,'鹤庆县',3,532900),
(2968,533100,'德宏傣族景颇族自治州',2,530000),
(2969,533102,'瑞丽市',3,533100),
(2970,533103,'芒市',3,533100),
(2971,533122,'梁河县',3,533100),
(2972,533123,'盈江县',3,533100),
(2973,533124,'陇川县',3,533100),
(2974,533300,'怒江傈僳族自治州',2,530000),
(2975,533321,'泸水县',3,533300),
(2976,533323,'福贡县',3,533300),
(2977,533324,'贡山独龙族怒族自治县',3,533300),
(2978,533325,'兰坪白族普米族自治县',3,533300),
(2979,533400,'迪庆藏族自治州',2,530000),
(2980,533421,'香格里拉县',3,533400),
(2981,533422,'德钦县',3,533400),
(2982,533423,'维西傈僳族自治县',3,533400),
(2983,540000,'西藏自治区',1,0),
(2984,540100,'拉萨市',2,540000),
(2986,540102,'城关区',3,540100),
(2987,540121,'林周县',3,540100),
(2988,540122,'当雄县',3,540100),
(2989,540123,'尼木县',3,540100),
(2990,540124,'曲水县',3,540100),
(2991,540125,'堆龙德庆县',3,540100),
(2992,540126,'达孜县',3,540100),
(2993,540127,'墨竹工卡县',3,540100),
(2994,542100,'昌都地区',2,540000),
(2995,542121,'昌都县',3,542100),
(2996,542122,'江达县',3,542100),
(2997,542123,'贡觉县',3,542100),
(2998,542124,'类乌齐县',3,542100),
(2999,542125,'丁青县',3,542100),
(3000,542126,'察雅县',3,542100),
(3001,542127,'八宿县',3,542100),
(3002,542128,'左贡县',3,542100),
(3003,542129,'芒康县',3,542100),
(3004,542132,'洛隆县',3,542100),
(3005,542133,'边坝县',3,542100),
(3006,542200,'山南地区',2,540000),
(3007,542221,'乃东县',3,542200),
(3008,542222,'扎囊县',3,542200),
(3009,542223,'贡嘎县',3,542200),
(3010,542224,'桑日县',3,542200),
(3011,542225,'琼结县',3,542200),
(3012,542226,'曲松县',3,542200),
(3013,542227,'措美县',3,542200),
(3014,542228,'洛扎县',3,542200),
(3015,542229,'加查县',3,542200),
(3016,542231,'隆子县',3,542200),
(3017,542232,'错那县',3,542200),
(3018,542233,'浪卡子县',3,542200),
(3019,542300,'日喀则地区',2,540000),
(3020,542301,'日喀则市',3,542300),
(3021,542322,'南木林县',3,542300),
(3022,542323,'江孜县',3,542300),
(3023,542324,'定日县',3,542300),
(3024,542325,'萨迦县',3,542300),
(3025,542326,'拉孜县',3,542300),
(3026,542327,'昂仁县',3,542300),
(3027,542328,'谢通门县',3,542300),
(3028,542329,'白朗县',3,542300),
(3029,542330,'仁布县',3,542300),
(3030,542331,'康马县',3,542300),
(3031,542332,'定结县',3,542300),
(3032,542333,'仲巴县',3,542300),
(3033,542334,'亚东县',3,542300),
(3034,542335,'吉隆县',3,542300),
(3035,542336,'聂拉木县',3,542300),
(3036,542337,'萨嘎县',3,542300),
(3037,542338,'岗巴县',3,542300),
(3038,542400,'那曲地区',2,540000),
(3039,542421,'那曲县',3,542400),
(3040,542422,'嘉黎县',3,542400),
(3041,542423,'比如县',3,542400),
(3042,542424,'聂荣县',3,542400),
(3043,542425,'安多县',3,542400),
(3044,542426,'申扎县',3,542400),
(3045,542427,'索县',3,542400),
(3046,542428,'班戈县',3,542400),
(3047,542429,'巴青县',3,542400),
(3048,542430,'尼玛县',3,542400),
(3049,542500,'阿里地区',2,540000),
(3050,542521,'普兰县',3,542500),
(3051,542522,'札达县',3,542500),
(3052,542523,'噶尔县',3,542500),
(3053,542524,'日土县',3,542500),
(3054,542525,'革吉县',3,542500),
(3055,542526,'改则县',3,542500),
(3056,542527,'措勤县',3,542500),
(3057,542600,'林芝地区',2,540000),
(3058,542621,'林芝县',3,542600),
(3059,542622,'工布江达县',3,542600),
(3060,542623,'米林县',3,542600),
(3061,542624,'墨脱县',3,542600),
(3062,542625,'波密县',3,542600),
(3063,542626,'察隅县',3,542600),
(3064,542627,'朗县',3,542600),
(3065,610000,'陕西省',1,0),
(3066,610100,'西安市',2,610000),
(3068,610102,'新城区',3,610100),
(3069,610103,'碑林区',3,610100),
(3070,610104,'莲湖区',3,610100),
(3071,610111,'灞桥区',3,610100),
(3072,610112,'未央区',3,610100),
(3073,610113,'雁塔区',3,610100),
(3074,610114,'阎良区',3,610100),
(3075,610115,'临潼区',3,610100),
(3076,610116,'长安区',3,610100),
(3077,610122,'蓝田县',3,610100),
(3078,610124,'周至县',3,610100),
(3079,610125,'户县',3,610100),
(3080,610126,'高陵县',3,610100),
(3081,610200,'铜川市',2,610000),
(3083,610202,'王益区',3,610200),
(3084,610203,'印台区',3,610200),
(3085,610204,'耀州区',3,610200),
(3086,610222,'宜君县',3,610200),
(3087,610300,'宝鸡市',2,610000),
(3089,610302,'渭滨区',3,610300),
(3090,610303,'金台区',3,610300),
(3091,610304,'陈仓区',3,610300),
(3092,610322,'凤翔县',3,610300),
(3093,610323,'岐山县',3,610300),
(3094,610324,'扶风县',3,610300),
(3095,610326,'眉县',3,610300),
(3096,610327,'陇县',3,610300),
(3097,610328,'千阳县',3,610300),
(3098,610329,'麟游县',3,610300),
(3099,610330,'凤县',3,610300),
(3100,610331,'太白县',3,610300),
(3101,610400,'咸阳市',2,610000),
(3103,610402,'秦都区',3,610400),
(3104,610403,'杨陵区',3,610400),
(3105,610404,'渭城区',3,610400),
(3106,610422,'三原县',3,610400),
(3107,610423,'泾阳县',3,610400),
(3108,610424,'乾县',3,610400),
(3109,610425,'礼泉县',3,610400),
(3110,610426,'永寿县',3,610400),
(3111,610427,'彬县',3,610400),
(3112,610428,'长武县',3,610400),
(3113,610429,'旬邑县',3,610400),
(3114,610430,'淳化县',3,610400),
(3115,610431,'武功县',3,610400),
(3116,610481,'兴平市',3,610500),
(3117,610500,'渭南市',2,610000),
(3119,610502,'临渭区',3,610500),
(3120,610521,'华县',3,610500),
(3121,610522,'潼关县',3,610500),
(3122,610523,'大荔县',3,610500),
(3123,610524,'合阳县',3,610500),
(3124,610525,'澄城县',3,610500),
(3125,610526,'蒲城县',3,610500),
(3126,610527,'白水县',3,610500),
(3127,610528,'富平县',3,610500),
(3128,610581,'韩城市',3,610600),
(3129,610582,'华阴市',3,610600),
(3130,610600,'延安市',2,610000),
(3132,610602,'宝塔区',3,610600),
(3133,610621,'延长县',3,610600),
(3134,610622,'延川县',3,610600),
(3135,610623,'子长县',3,610600),
(3136,610624,'安塞县',3,610600),
(3137,610625,'志丹县',3,610600),
(3138,610626,'吴起县',3,610600),
(3139,610627,'甘泉县',3,610600),
(3140,610628,'富县',3,610600),
(3141,610629,'洛川县',3,610600),
(3142,610630,'宜川县',3,610600),
(3143,610631,'黄龙县',3,610600),
(3144,610632,'黄陵县',3,610600),
(3145,610700,'汉中市',2,610000),
(3147,610702,'汉台区',3,610700),
(3148,610721,'南郑县',3,610700),
(3149,610722,'城固县',3,610700),
(3150,610723,'洋县',3,610700),
(3151,610724,'西乡县',3,610700),
(3152,610725,'勉县',3,610700),
(3153,610726,'宁强县',3,610700),
(3154,610727,'略阳县',3,610700),
(3155,610728,'镇巴县',3,610700),
(3156,610729,'留坝县',3,610700),
(3157,610730,'佛坪县',3,610700),
(3158,610800,'榆林市',2,610000),
(3160,610802,'榆阳区',3,610800),
(3161,610821,'神木县',3,610800),
(3162,610822,'府谷县',3,610800),
(3163,610823,'横山县',3,610800),
(3164,610824,'靖边县',3,610800),
(3165,610825,'定边县',3,610800),
(3166,610826,'绥德县',3,610800),
(3167,610827,'米脂县',3,610800),
(3168,610828,'佳县',3,610800),
(3169,610829,'吴堡县',3,610800),
(3170,610830,'清涧县',3,610800),
(3171,610831,'子洲县',3,610800),
(3172,610900,'安康市',2,610000),
(3174,610902,'汉滨区',3,610900),
(3175,610921,'汉阴县',3,610900),
(3176,610922,'石泉县',3,610900),
(3177,610923,'宁陕县',3,610900),
(3178,610924,'紫阳县',3,610900),
(3179,610925,'岚皋县',3,610900),
(3180,610926,'平利县',3,610900),
(3181,610927,'镇坪县',3,610900),
(3182,610928,'旬阳县',3,610900),
(3183,610929,'白河县',3,610900),
(3184,611000,'商洛市',2,610000),
(3186,611002,'商州区',3,611000),
(3187,611021,'洛南县',3,611000),
(3188,611022,'丹凤县',3,611000),
(3189,611023,'商南县',3,611000),
(3190,611024,'山阳县',3,611000),
(3191,611025,'镇安县',3,611000),
(3192,611026,'柞水县',3,611000),
(3193,620000,'甘肃省',1,0),
(3194,620100,'兰州市',2,620000),
(3196,620102,'城关区',3,620100),
(3197,620103,'七里河区',3,620100),
(3198,620104,'西固区',3,620100),
(3199,620105,'安宁区',3,620100),
(3200,620111,'红古区',3,620100),
(3201,620121,'永登县',3,620100),
(3202,620122,'皋兰县',3,620100),
(3203,620123,'榆中县',3,620100),
(3204,620200,'嘉峪关市',2,620000),
(3206,620300,'金昌市',2,620000),
(3208,620302,'金川区',3,620300),
(3209,620321,'永昌县',3,620300),
(3210,620400,'白银市',2,620000),
(3212,620402,'白银区',3,620400),
(3213,620403,'平川区',3,620400),
(3214,620421,'靖远县',3,620400),
(3215,620422,'会宁县',3,620400),
(3216,620423,'景泰县',3,620400),
(3217,620500,'天水市',2,620000),
(3219,620502,'秦州区',3,620500),
(3220,620503,'麦积区',3,620500),
(3221,620521,'清水县',3,620500),
(3222,620522,'秦安县',3,620500),
(3223,620523,'甘谷县',3,620500),
(3224,620524,'武山县',3,620500),
(3225,620525,'张家川回族自治县',3,620500),
(3226,620600,'武威市',2,620000),
(3228,620602,'凉州区',3,620600),
(3229,620621,'民勤县',3,620600),
(3230,620622,'古浪县',3,620600),
(3231,620623,'天祝藏族自治县',3,620600),
(3232,620700,'张掖市',2,620000),
(3234,620702,'甘州区',3,620700),
(3235,620721,'肃南裕固族自治县',3,620700),
(3236,620722,'民乐县',3,620700),
(3237,620723,'临泽县',3,620700),
(3238,620724,'高台县',3,620700),
(3239,620725,'山丹县',3,620700),
(3240,620800,'平凉市',2,620000),
(3242,620802,'崆峒区',3,620800),
(3243,620821,'泾川县',3,620800),
(3244,620822,'灵台县',3,620800),
(3245,620823,'崇信县',3,620800),
(3246,620824,'华亭县',3,620800),
(3247,620825,'庄浪县',3,620800),
(3248,620826,'静宁县',3,620800),
(3249,620900,'酒泉市',2,620000),
(3251,620902,'肃州区',3,620900),
(3252,620921,'金塔县',3,620900),
(3253,620922,'瓜州县',3,620900),
(3254,620923,'肃北蒙古族自治县',3,620900),
(3255,620924,'阿克塞哈萨克族自治县',3,620900),
(3256,620981,'玉门市',3,621000),
(3257,620982,'敦煌市',3,621000),
(3258,621000,'庆阳市',2,620000),
(3260,621002,'西峰区',3,621000),
(3261,621021,'庆城县',3,621000),
(3262,621022,'环县',3,621000),
(3263,621023,'华池县',3,621000),
(3264,621024,'合水县',3,621000),
(3265,621025,'正宁县',3,621000),
(3266,621026,'宁县',3,621000),
(3267,621027,'镇原县',3,621000),
(3268,621100,'定西市',2,620000),
(3270,621102,'安定区',3,621100),
(3271,621121,'通渭县',3,621100),
(3272,621122,'陇西县',3,621100),
(3273,621123,'渭源县',3,621100),
(3274,621124,'临洮县',3,621100),
(3275,621125,'漳县',3,621100),
(3276,621126,'岷县',3,621100),
(3277,621200,'陇南市',2,620000),
(3279,621202,'武都区',3,621200),
(3280,621221,'成县',3,621200),
(3281,621222,'文县',3,621200),
(3282,621223,'宕昌县',3,621200),
(3283,621224,'康县',3,621200),
(3284,621225,'西和县',3,621200),
(3285,621226,'礼县',3,621200),
(3286,621227,'徽县',3,621200),
(3287,621228,'两当县',3,621200),
(3288,622900,'临夏回族自治州',2,620000),
(3289,622901,'临夏市',3,622900),
(3290,622921,'临夏县',3,622900),
(3291,622922,'康乐县',3,622900),
(3292,622923,'永靖县',3,622900),
(3293,622924,'广河县',3,622900),
(3294,622925,'和政县',3,622900),
(3295,622926,'东乡族自治县',3,622900),
(3296,622927,'积石山保安族东乡族撒拉族自治县',3,622900),
(3297,623000,'甘南藏族自治州',2,620000),
(3298,623001,'合作市',3,623000),
(3299,623021,'临潭县',3,623000),
(3300,623022,'卓尼县',3,623000),
(3301,623023,'舟曲县',3,623000),
(3302,623024,'迭部县',3,623000),
(3303,623025,'玛曲县',3,623000),
(3304,623026,'碌曲县',3,623000),
(3305,623027,'夏河县',3,623000),
(3306,630000,'青海省',1,0),
(3307,630100,'西宁市',2,630000),
(3309,630102,'城东区',3,630100),
(3310,630103,'城中区',3,630100),
(3311,630104,'城西区',3,630100),
(3312,630105,'城北区',3,630100),
(3313,630121,'大通回族土族自治县',3,630100),
(3314,630122,'湟中县',3,630100),
(3315,630123,'湟源县',3,630100),
(3316,632100,'海东地区',2,630000),
(3317,632121,'平安县',3,632100),
(3318,632122,'民和回族土族自治县',3,632100),
(3319,632123,'乐都县',3,632100),
(3320,632126,'互助土族自治县',3,632100),
(3321,632127,'化隆回族自治县',3,632100),
(3322,632128,'循化撒拉族自治县',3,632100),
(3323,632200,'海北藏族自治州',2,630000),
(3324,632221,'门源回族自治县',3,632200),
(3325,632222,'祁连县',3,632200),
(3326,632223,'海晏县',3,632200),
(3327,632224,'刚察县',3,632200),
(3328,632300,'黄南藏族自治州',2,630000),
(3329,632321,'同仁县',3,632300),
(3330,632322,'尖扎县',3,632300),
(3331,632323,'泽库县',3,632300),
(3332,632324,'河南蒙古族自治县',3,632300),
(3333,632500,'海南藏族自治州',2,630000),
(3334,632521,'共和县',3,632500),
(3335,632522,'同德县',3,632500),
(3336,632523,'贵德县',3,632500),
(3337,632524,'兴海县',3,632500),
(3338,632525,'贵南县',3,632500),
(3339,632600,'果洛藏族自治州',2,630000),
(3340,632621,'玛沁县',3,632600),
(3341,632622,'班玛县',3,632600),
(3342,632623,'甘德县',3,632600),
(3343,632624,'达日县',3,632600),
(3344,632625,'久治县',3,632600),
(3345,632626,'玛多县',3,632600),
(3346,632700,'玉树藏族自治州',2,630000),
(3347,632721,'玉树县',3,632700),
(3348,632722,'杂多县',3,632700),
(3349,632723,'称多县',3,632700),
(3350,632724,'治多县',3,632700),
(3351,632725,'囊谦县',3,632700),
(3352,632726,'曲麻莱县',3,632700),
(3353,632800,'海西蒙古族藏族自治州',2,630000),
(3354,632801,'格尔木市',3,632800),
(3355,632802,'德令哈市',3,632800),
(3356,632821,'乌兰县',3,632800),
(3357,632822,'都兰县',3,632800),
(3358,632823,'天峻县',3,632800),
(3359,640000,'宁夏回族自治区',1,0),
(3360,640100,'银川市',2,640000),
(3362,640104,'兴庆区',3,640100),
(3363,640105,'西夏区',3,640100),
(3364,640106,'金凤区',3,640100),
(3365,640121,'永宁县',3,640100),
(3366,640122,'贺兰县',3,640100),
(3367,640181,'灵武市',3,640200),
(3368,640200,'石嘴山市',2,640000),
(3370,640202,'大武口区',3,640200),
(3371,640205,'惠农区',3,640200),
(3372,640221,'平罗县',3,640200),
(3373,640300,'吴忠市',2,640000),
(3375,640302,'利通区',3,640300),
(3376,640303,'红寺堡区',3,640300),
(3377,640323,'盐池县',3,640300),
(3378,640324,'同心县',3,640300),
(3379,640381,'青铜峡市',3,640400),
(3380,640400,'固原市',2,640000),
(3382,640402,'原州区',3,640400),
(3383,640422,'西吉县',3,640400),
(3384,640423,'隆德县',3,640400),
(3385,640424,'泾源县',3,640400),
(3386,640425,'彭阳县',3,640400),
(3387,640500,'中卫市',2,640000),
(3389,640502,'沙坡头区',3,640500),
(3390,640521,'中宁县',3,640500),
(3391,640522,'海原县',3,640500),
(3392,650000,'新疆维吾尔自治区',1,0),
(3393,650100,'乌鲁木齐市',2,650000),
(3395,650102,'天山区',3,650100),
(3396,650103,'沙依巴克区',3,650100),
(3397,650104,'新市区',3,650100),
(3398,650105,'水磨沟区',3,650100),
(3399,650106,'头屯河区',3,650100),
(3400,650107,'达坂城区',3,650100),
(3401,650109,'米东区',3,650100),
(3402,650121,'乌鲁木齐县',3,650100),
(3403,650200,'克拉玛依市',2,650000),
(3405,650202,'独山子区',3,650200),
(3406,650203,'克拉玛依区',3,650200),
(3407,650204,'白碱滩区',3,650200),
(3408,650205,'乌尔禾区',3,650200),
(3409,652100,'吐鲁番地区',2,650000),
(3410,652101,'吐鲁番市',3,652100),
(3411,652122,'鄯善县',3,652100),
(3412,652123,'托克逊县',3,652100),
(3413,652200,'哈密地区',2,650000),
(3414,652201,'哈密市',3,652200),
(3415,652222,'巴里坤哈萨克自治县',3,652200),
(3416,652223,'伊吾县',3,652200),
(3417,652300,'昌吉回族自治州',2,650000),
(3418,652301,'昌吉市',3,652300),
(3419,652302,'阜康市',3,652300),
(3420,652323,'呼图壁县',3,652300),
(3421,652324,'玛纳斯县',3,652300),
(3422,652325,'奇台县',3,652300),
(3423,652327,'吉木萨尔县',3,652300),
(3424,652328,'木垒哈萨克自治县',3,652300),
(3425,652700,'博尔塔拉蒙古自治州',2,650000),
(3426,652701,'博乐市',3,652700),
(3427,652722,'精河县',3,652700),
(3428,652723,'温泉县',3,652700),
(3429,652800,'巴音郭楞蒙古自治州',2,650000),
(3430,652801,'库尔勒市',3,652800),
(3431,652822,'轮台县',3,652800),
(3432,652823,'尉犁县',3,652800),
(3433,652824,'若羌县',3,652800),
(3434,652825,'且末县',3,652800),
(3435,652826,'焉耆回族自治县',3,652800),
(3436,652827,'和静县',3,652800),
(3437,652828,'和硕县',3,652800),
(3438,652829,'博湖县',3,652800),
(3439,652900,'阿克苏地区',2,650000),
(3440,652901,'阿克苏市',3,652900),
(3441,652922,'温宿县',3,652900),
(3442,652923,'库车县',3,652900),
(3443,652924,'沙雅县',3,652900),
(3444,652925,'新和县',3,652900),
(3445,652926,'拜城县',3,652900),
(3446,652927,'乌什县',3,652900),
(3447,652928,'阿瓦提县',3,652900),
(3448,652929,'柯坪县',3,652900),
(3449,653000,'克孜勒苏柯尔克孜自治州',2,650000),
(3450,653001,'阿图什市',3,653000),
(3451,653022,'阿克陶县',3,653000),
(3452,653023,'阿合奇县',3,653000),
(3453,653024,'乌恰县',3,653000),
(3454,653100,'喀什地区',2,650000),
(3455,653101,'喀什市',3,653100),
(3456,653121,'疏附县',3,653100),
(3457,653122,'疏勒县',3,653100),
(3458,653123,'英吉沙县',3,653100),
(3459,653124,'泽普县',3,653100),
(3460,653125,'莎车县',3,653100),
(3461,653126,'叶城县',3,653100),
(3462,653127,'麦盖提县',3,653100),
(3463,653128,'岳普湖县',3,653100),
(3464,653129,'伽师县',3,653100),
(3465,653130,'巴楚县',3,653100),
(3466,653131,'塔什库尔干塔吉克自治县',3,653100),
(3467,653200,'和田地区',2,650000),
(3468,653201,'和田市',3,653200),
(3469,653221,'和田县',3,653200),
(3470,653222,'墨玉县',3,653200),
(3471,653223,'皮山县',3,653200),
(3472,653224,'洛浦县',3,653200),
(3473,653225,'策勒县',3,653200),
(3474,653226,'于田县',3,653200),
(3475,653227,'民丰县',3,653200),
(3476,654000,'伊犁哈萨克自治州',2,650000),
(3477,654002,'伊宁市',3,654000),
(3478,654003,'奎屯市',3,654000),
(3479,654021,'伊宁县',3,654000),
(3480,654022,'察布查尔锡伯自治县',3,654000),
(3481,654023,'霍城县',3,654000),
(3482,654024,'巩留县',3,654000),
(3483,654025,'新源县',3,654000),
(3484,654026,'昭苏县',3,654000),
(3485,654027,'特克斯县',3,654000),
(3486,654028,'尼勒克县',3,654000),
(3487,654200,'塔城地区',2,650000),
(3488,654201,'塔城市',3,654200),
(3489,654202,'乌苏市',3,654200),
(3490,654221,'额敏县',3,654200),
(3491,654223,'沙湾县',3,654200),
(3492,654224,'托里县',3,654200),
(3493,654225,'裕民县',3,654200),
(3494,654226,'和布克赛尔蒙古自治县',3,654200),
(3495,654300,'阿勒泰地区',2,650000),
(3496,654301,'阿勒泰市',3,654300),
(3497,654321,'布尔津县',3,654300),
(3498,654322,'富蕴县',3,654300),
(3499,654323,'福海县',3,654300),
(3500,654324,'哈巴河县',3,654300),
(3501,654325,'青河县',3,654300),
(3502,654326,'吉木乃县',3,654300),
(3503,659000,'自治区直辖县级行政区划',2,660000),
(3504,659001,'石河子市',3,659000),
(3505,659002,'阿拉尔市',3,659000),
(3506,659003,'图木舒克市',3,659000),
(3507,659004,'五家渠市',3,659000),
(3508,710000,'台湾省',1,0),
(3509,810000,'香港特别行政区',1,810000),
(3510,820000,'澳门特别行政区',1,820000);

/*Table structure for table `crm_customer` */

DROP TABLE IF EXISTS `crm_customer`;

CREATE TABLE `crm_customer` (
  `id` bigint NOT NULL AUTO_INCREMENT COMMENT 'ID',
  `name` varchar(64) CHARACTER SET utf8mb4 COLLATE utf8mb4_0900_ai_ci DEFAULT '' COMMENT '客户姓名',
  `type` varchar(64) CHARACTER SET utf8mb4 COLLATE utf8mb4_0900_ai_ci DEFAULT '' COMMENT '线索类型',
  `phonenumber` varchar(64) CHARACTER SET utf8mb4 COLLATE utf8mb4_0900_ai_ci DEFAULT '' COMMENT '手机号码',
  `wechat` varchar(64) CHARACTER SET utf8mb4 COLLATE utf8mb4_0900_ai_ci DEFAULT '' COMMENT '微信号码',
  `sex` char(1) CHARACTER SET utf8mb4 COLLATE utf8mb4_0900_ai_ci DEFAULT '0' COMMENT '性别',
  `age` int DEFAULT '0' COMMENT '年龄',
  `level` varchar(64) CHARACTER SET utf8mb4 COLLATE utf8mb4_0900_ai_ci DEFAULT '' COMMENT '意向级别',
  `nature` varchar(64) CHARACTER SET utf8mb4 COLLATE utf8mb4_0900_ai_ci DEFAULT '' COMMENT '客户性质',
  `business_type` varchar(64) CHARACTER SET utf8mb4 COLLATE utf8mb4_0900_ai_ci DEFAULT '' COMMENT '业务类型',
  `stage` varchar(64) CHARACTER SET utf8mb4 COLLATE utf8mb4_0900_ai_ci DEFAULT '' COMMENT '线索阶段',
  `status` char(1) CHARACTER SET utf8mb4 COLLATE utf8mb4_0900_ai_ci DEFAULT '0' COMMENT '线索状态',
  `source` varchar(64) CHARACTER SET utf8mb4 COLLATE utf8mb4_0900_ai_ci DEFAULT '' COMMENT '客户来源',
  `import_no` varchar(64) CHARACTER SET utf8mb4 COLLATE utf8mb4_0900_ai_ci DEFAULT '' COMMENT '导入批号',
  `import_type` char(1) DEFAULT '0' COMMENT '导入类型',
  `referrer` varchar(64) CHARACTER SET utf8mb4 COLLATE utf8mb4_0900_ai_ci DEFAULT '' COMMENT '推荐人',
  `referrer_phone` varchar(64) CHARACTER SET utf8mb4 COLLATE utf8mb4_0900_ai_ci DEFAULT '' COMMENT '推荐人手机号',
  `referrer_wechat` varchar(64) CHARACTER SET utf8mb4 COLLATE utf8mb4_0900_ai_ci DEFAULT '' COMMENT '推荐人微信号',
  `allot_time` datetime DEFAULT NULL COMMENT '分配时间',
  `next_time` datetime DEFAULT NULL COMMENT '下次沟通日期',
  `user_id` bigint DEFAULT NULL COMMENT '所属顾问',
  `del_flag` char(1) CHARACTER SET utf8mb4 COLLATE utf8mb4_0900_ai_ci DEFAULT '0' COMMENT '删除标志（0代表存在 1代表删除）',
  `create_by` varchar(64) DEFAULT '' COMMENT '创建者',
  `create_time` datetime DEFAULT NULL COMMENT '创建时间',
  `update_by` varchar(64) DEFAULT '' COMMENT '更新者',
  `update_time` datetime DEFAULT NULL COMMENT '更新时间',
  `remark` varchar(500) DEFAULT '' COMMENT '备注',
  PRIMARY KEY (`id`)
) ENGINE=InnoDB DEFAULT CHARSET=utf8mb4 COLLATE=utf8mb4_0900_ai_ci COMMENT='线索管理';

/*Data for the table `crm_customer` */

/*Table structure for table `crm_customer_detail` */

DROP TABLE IF EXISTS `crm_customer_detail`;

CREATE TABLE `crm_customer_detail` (
  `id` bigint NOT NULL AUTO_INCREMENT COMMENT 'ID',
  `customer_id` bigint DEFAULT NULL COMMENT '线索id',
  `certificate_type` varchar(64) CHARACTER SET utf8mb4 COLLATE utf8mb4_0900_ai_ci DEFAULT '' COMMENT '证件类型',
  `certificate_no` varchar(64) CHARACTER SET utf8mb4 COLLATE utf8mb4_0900_ai_ci DEFAULT '' COMMENT '证件号码',
  `intention_car_series` varchar(64) CHARACTER SET utf8mb4 COLLATE utf8mb4_0900_ai_ci DEFAULT '' COMMENT '意向车系',
  `intention_car_type` varchar(64) CHARACTER SET utf8mb4 COLLATE utf8mb4_0900_ai_ci DEFAULT '' COMMENT '意向车型',
  `purchase_car_type` varchar(64) CHARACTER SET utf8mb4 COLLATE utf8mb4_0900_ai_ci DEFAULT '' COMMENT '购车类型',
  `purchase_car_budget` varchar(64) CHARACTER SET utf8mb4 COLLATE utf8mb4_0900_ai_ci DEFAULT '' COMMENT '购车预算',
  `purchase_car_time` datetime DEFAULT NULL COMMENT '购车时间',
  `is_online_car_user` char(1) CHARACTER SET utf8mb4 COLLATE utf8mb4_0900_ai_ci DEFAULT '0' COMMENT '是否网约车从业者',
  `is_certificate` char(1) CHARACTER SET utf8mb4 COLLATE utf8mb4_0900_ai_ci DEFAULT '0' COMMENT '是否有人证',
  `intention_desc` varchar(256) CHARACTER SET utf8mb4 COLLATE utf8mb4_0900_ai_ci DEFAULT NULL COMMENT '意向说明',
  `compete_company` varchar(64) CHARACTER SET utf8mb4 COLLATE utf8mb4_0900_ai_ci DEFAULT '' COMMENT '竞争公司',
  `compete_desc` varchar(256) CHARACTER SET utf8mb4 COLLATE utf8mb4_0900_ai_ci DEFAULT '' COMMENT '竞对备注',
  `compete_car` varchar(64) CHARACTER SET utf8mb4 COLLATE utf8mb4_0900_ai_ci DEFAULT '' COMMENT '竞争对手',
  `desc` varchar(256) CHARACTER SET utf8mb4 COLLATE utf8mb4_0900_ai_ci DEFAULT '' COMMENT '用户描述',
  `is_file` char(1) CHARACTER SET utf8mb4 COLLATE utf8mb4_0900_ai_ci DEFAULT '0' COMMENT '是否留档（0代表存在 1代表删除）',
  `del_flag` char(1) CHARACTER SET utf8mb4 COLLATE utf8mb4_0900_ai_ci DEFAULT '0' COMMENT '删除标志（0代表存在 1代表删除）',
  `create_by` varchar(64) DEFAULT '' COMMENT '创建者',
  `create_time` datetime DEFAULT NULL COMMENT '创建时间',
  `update_by` varchar(64) DEFAULT '' COMMENT '更新者',
  `update_time` datetime DEFAULT NULL COMMENT '更新时间',
  `remark` varchar(500) DEFAULT '' COMMENT '备注',
  PRIMARY KEY (`id`)
) ENGINE=InnoDB DEFAULT CHARSET=utf8mb4 COLLATE=utf8mb4_0900_ai_ci COMMENT='线索详情';

/*Data for the table `crm_customer_detail` */

/*Table structure for table `crm_customer_failure` */

DROP TABLE IF EXISTS `crm_customer_failure`;

CREATE TABLE `crm_customer_failure` (
  `id` bigint NOT NULL AUTO_INCREMENT COMMENT 'ID',
  `org_user_id` bigint DEFAULT NULL COMMENT '原始顾问id',
  `reason` varchar(64) CHARACTER SET utf8mb4 COLLATE utf8mb4_0900_ai_ci DEFAULT '' COMMENT '转移原因',
  `customer_id` bigint DEFAULT NULL COMMENT '线索id',
  `audit_status` char(1) CHARACTER SET utf8mb4 COLLATE utf8mb4_0900_ai_ci DEFAULT '0' COMMENT '审批状态',
  `activate_reason` varchar(500) DEFAULT '' COMMENT '激活原因',
  `del_flag` char(1) CHARACTER SET utf8mb4 COLLATE utf8mb4_0900_ai_ci DEFAULT '0' COMMENT '删除标志（0代表存在 1代表删除）',
  `create_by` varchar(64) DEFAULT '' COMMENT '创建者',
  `create_time` datetime DEFAULT NULL COMMENT '创建时间',
  `update_by` varchar(64) DEFAULT '' COMMENT '更新者',
  `update_time` datetime DEFAULT NULL COMMENT '更新时间',
  `remark` varchar(500) DEFAULT '' COMMENT '备注',
  PRIMARY KEY (`id`)
) ENGINE=InnoDB DEFAULT CHARSET=utf8mb4 COLLATE=utf8mb4_0900_ai_ci COMMENT='线索战败';

/*Data for the table `crm_customer_failure` */

/*Table structure for table `crm_customer_level` */

DROP TABLE IF EXISTS `crm_customer_level`;

CREATE TABLE `crm_customer_level` (
  `id` bigint NOT NULL AUTO_INCREMENT COMMENT 'ID',
  `org_level` varchar(64) DEFAULT '' COMMENT '原始级别',
  `level` varchar(64) DEFAULT '' COMMENT '级别',
  `reason` varchar(64) CHARACTER SET utf8mb4 COLLATE utf8mb4_0900_ai_ci DEFAULT '' COMMENT '转移原因',
  `customer_id` bigint DEFAULT NULL COMMENT '线索id',
  `next_time` datetime DEFAULT NULL COMMENT '下次跟进日期',
  `audit_status` char(1) DEFAULT '0' COMMENT '审核状态',
  `del_flag` char(1) CHARACTER SET utf8mb4 COLLATE utf8mb4_0900_ai_ci DEFAULT '0' COMMENT '删除标志（0代表存在 1代表删除）',
  `create_by` varchar(64) DEFAULT '' COMMENT '创建者',
  `create_time` datetime DEFAULT NULL COMMENT '创建时间',
  `update_by` varchar(64) DEFAULT '' COMMENT '更新者',
  `update_time` datetime DEFAULT NULL COMMENT '更新时间',
  `remark` varchar(500) DEFAULT '' COMMENT '备注',
  PRIMARY KEY (`id`)
) ENGINE=InnoDB DEFAULT CHARSET=utf8mb4 COLLATE=utf8mb4_0900_ai_ci COMMENT='线索级别调整';

/*Data for the table `crm_customer_level` */

/*Table structure for table `crm_customer_register` */

DROP TABLE IF EXISTS `crm_customer_register`;

CREATE TABLE `crm_customer_register` (
  `id` bigint NOT NULL AUTO_INCREMENT COMMENT 'ID',
  `name` varchar(64) CHARACTER SET utf8mb4 COLLATE utf8mb4_0900_ai_ci DEFAULT '' COMMENT '客户姓名',
  `phonenumber` varchar(64) CHARACTER SET utf8mb4 COLLATE utf8mb4_0900_ai_ci DEFAULT '' COMMENT '手机号码',
  `wechat` varchar(64) CHARACTER SET utf8mb4 COLLATE utf8mb4_0900_ai_ci DEFAULT '' COMMENT '微信号码',
  `times` int DEFAULT NULL COMMENT '来店次数',
  `type` varchar(64) CHARACTER SET utf8mb4 COLLATE utf8mb4_0900_ai_ci DEFAULT '' COMMENT '来访类别',
  `purpose` varchar(64) CHARACTER SET utf8mb4 COLLATE utf8mb4_0900_ai_ci DEFAULT '' COMMENT '来访目的',
  `intention_car_series` varchar(64) CHARACTER SET utf8mb4 COLLATE utf8mb4_0900_ai_ci DEFAULT '' COMMENT '意向车型',
  `intention_car_type` varchar(64) CHARACTER SET utf8mb4 COLLATE utf8mb4_0900_ai_ci DEFAULT '' COMMENT '意向车系',
  `referrer` varchar(64) CHARACTER SET utf8mb4 COLLATE utf8mb4_0900_ai_ci DEFAULT '' COMMENT '推荐人',
  `referrer_phone` varchar(64) CHARACTER SET utf8mb4 COLLATE utf8mb4_0900_ai_ci DEFAULT '' COMMENT '推荐人手机号',
  `referrer_wechat` varchar(64) CHARACTER SET utf8mb4 COLLATE utf8mb4_0900_ai_ci DEFAULT '' COMMENT '推荐人微信号',
  `user_id` bigint DEFAULT NULL COMMENT '接待顾问',
  `duration` int DEFAULT NULL COMMENT '接待时长',
  `number` int DEFAULT NULL COMMENT '来店人数',
  `start_time` datetime DEFAULT NULL COMMENT '来店时间',
  `end_time` datetime DEFAULT NULL COMMENT '离店时间',
  `is_introduce` char(1) CHARACTER SET utf8mb4 COLLATE utf8mb4_0900_ai_ci DEFAULT '0' COMMENT '是否产品介绍1是，0否',
  `is_manager_participation` char(1) CHARACTER SET utf8mb4 COLLATE utf8mb4_0900_ai_ci DEFAULT '0' COMMENT '是否经理参与1是，0否',
  `source` varchar(64) CHARACTER SET utf8mb4 COLLATE utf8mb4_0900_ai_ci DEFAULT '' COMMENT '客户来源',
  `car_type` varchar(64) CHARACTER SET utf8mb4 COLLATE utf8mb4_0900_ai_ci DEFAULT '' COMMENT '驾车车型',
  `car_no` varchar(64) CHARACTER SET utf8mb4 COLLATE utf8mb4_0900_ai_ci DEFAULT '' COMMENT '车牌号',
  `customer_id` bigint DEFAULT NULL COMMENT '关联线索',
  `del_flag` char(1) CHARACTER SET utf8mb4 COLLATE utf8mb4_0900_ai_ci DEFAULT '0' COMMENT '删除标志（0代表存在 1代表删除）',
  `create_by` varchar(64) DEFAULT '' COMMENT '创建者',
  `create_time` datetime DEFAULT NULL COMMENT '创建时间',
  `update_by` varchar(64) DEFAULT '' COMMENT '更新者',
  `update_time` datetime DEFAULT NULL COMMENT '更新时间',
  `remark` varchar(500) DEFAULT '' COMMENT '备注',
  PRIMARY KEY (`id`)
) ENGINE=InnoDB DEFAULT CHARSET=utf8mb4 COLLATE=utf8mb4_0900_ai_ci COMMENT='来店登记';

/*Data for the table `crm_customer_register` */

/*Table structure for table `crm_customer_track` */

DROP TABLE IF EXISTS `crm_customer_track`;

CREATE TABLE `crm_customer_track` (
  `id` bigint NOT NULL AUTO_INCREMENT COMMENT 'ID',
  `customer_id` bigint DEFAULT NULL COMMENT '线索id',
  `type` varchar(64) CHARACTER SET utf8mb4 COLLATE utf8mb4_0900_ai_ci DEFAULT '' COMMENT '跟进方式',
  `call_duration` int DEFAULT NULL COMMENT '通话时长（单位分钟）',
  `content` varchar(500) CHARACTER SET utf8mb4 COLLATE utf8mb4_0900_ai_ci DEFAULT '' COMMENT '跟进内容',
  `next_time` datetime DEFAULT NULL COMMENT '下次跟进日期',
  `next_content` varchar(500) CHARACTER SET utf8mb4 COLLATE utf8mb4_0900_ai_ci DEFAULT '' COMMENT '下次跟进内容',
  `del_flag` char(1) CHARACTER SET utf8mb4 COLLATE utf8mb4_0900_ai_ci DEFAULT '0' COMMENT '删除标志（0代表存在 1代表删除）',
  `create_by` varchar(64) DEFAULT '' COMMENT '创建者',
  `create_time` datetime DEFAULT NULL COMMENT '创建时间',
  `update_by` varchar(64) DEFAULT '' COMMENT '更新者',
  `update_time` datetime DEFAULT NULL COMMENT '更新时间',
  `remark` varchar(500) DEFAULT '' COMMENT '备注',
  PRIMARY KEY (`id`)
) ENGINE=InnoDB DEFAULT CHARSET=utf8mb4 COLLATE=utf8mb4_0900_ai_ci COMMENT='线索轨迹';

/*Data for the table `crm_customer_track` */

/*Table structure for table `crm_customer_transfer` */

DROP TABLE IF EXISTS `crm_customer_transfer`;

CREATE TABLE `crm_customer_transfer` (
  `id` bigint NOT NULL AUTO_INCREMENT COMMENT 'ID',
  `org_user_id` bigint DEFAULT NULL COMMENT '原始顾问id',
  `user_id` bigint DEFAULT NULL COMMENT '所属顾问',
  `reason` varchar(64) CHARACTER SET utf8mb4 COLLATE utf8mb4_0900_ai_ci DEFAULT '' COMMENT '转移原因',
  `customer_id` bigint DEFAULT NULL COMMENT '线索id',
  `next_time` datetime DEFAULT NULL COMMENT '下次跟进日期',
  `audit_status` char(1) CHARACTER SET utf8mb4 COLLATE utf8mb4_0900_ai_ci DEFAULT '' COMMENT '审核状态',
  `del_flag` char(1) CHARACTER SET utf8mb4 COLLATE utf8mb4_0900_ai_ci DEFAULT '0' COMMENT '删除标志（0代表存在 1代表删除）',
  `create_by` varchar(64) DEFAULT '' COMMENT '创建者',
  `create_time` datetime DEFAULT NULL COMMENT '创建时间',
  `update_by` varchar(64) DEFAULT '' COMMENT '更新者',
  `update_time` datetime DEFAULT NULL COMMENT '更新时间',
  `remark` varchar(500) DEFAULT '' COMMENT '备注',
  PRIMARY KEY (`id`)
) ENGINE=InnoDB DEFAULT CHARSET=utf8mb4 COLLATE=utf8mb4_0900_ai_ci COMMENT='线索转移';

/*Data for the table `crm_customer_transfer` */

/*Table structure for table `crm_customer_trialrun` */

DROP TABLE IF EXISTS `crm_customer_trialrun`;

CREATE TABLE `crm_customer_trialrun` (
  `id` bigint NOT NULL AUTO_INCREMENT COMMENT 'ID',
  `name` varchar(64) CHARACTER SET utf8mb4 COLLATE utf8mb4_0900_ai_ci DEFAULT '' COMMENT '客户姓名',
  `type` varchar(64) CHARACTER SET utf8mb4 COLLATE utf8mb4_0900_ai_ci DEFAULT '' COMMENT '试驾类型',
  `status` char(1) CHARACTER SET utf8mb4 COLLATE utf8mb4_0900_ai_ci DEFAULT '0' COMMENT '试驾状态',
  `store_name` varchar(64) DEFAULT '' COMMENT '门店名称',
  `store_code` varchar(64) CHARACTER SET utf8mb4 COLLATE utf8mb4_0900_ai_ci DEFAULT '' COMMENT '门店编码',
  `business_type` varchar(64) CHARACTER SET utf8mb4 COLLATE utf8mb4_0900_ai_ci DEFAULT '' COMMENT '业务类型',
  `source` varchar(64) DEFAULT '' COMMENT '客户来源',
  `phonenumber` varchar(64) CHARACTER SET utf8mb4 COLLATE utf8mb4_0900_ai_ci DEFAULT '' COMMENT '手机号码',
  `sex` char(1) CHARACTER SET utf8mb4 COLLATE utf8mb4_0900_ai_ci DEFAULT '0' COMMENT '性别',
  `trialrun_time` datetime DEFAULT NULL COMMENT '预约时间',
  `trialrun_name` varchar(64) DEFAULT '' COMMENT '试驾人姓名',
  `trialrun_phone` varchar(64) DEFAULT '' COMMENT '试驾人手机号',
  `trialrun_car_type` varchar(64) DEFAULT '' COMMENT '试驾车型',
  `trialrun_car_series` varchar(64) DEFAULT '' COMMENT '试驾车系',
  `trialrun_no` varchar(64) CHARACTER SET utf8mb4 COLLATE utf8mb4_0900_ai_ci DEFAULT '' COMMENT '试驾单号',
  `customer_id` bigint DEFAULT NULL COMMENT '关联线索id',
  `user_id` bigint DEFAULT NULL COMMENT '所属顾问',
  `del_flag` char(1) CHARACTER SET utf8mb4 COLLATE utf8mb4_0900_ai_ci DEFAULT '0' COMMENT '删除标志（0代表存在 1代表删除）',
  `create_by` varchar(64) DEFAULT '' COMMENT '创建者',
  `create_time` datetime DEFAULT NULL COMMENT '创建时间',
  `update_by` varchar(64) DEFAULT '' COMMENT '更新者',
  `update_time` datetime DEFAULT NULL COMMENT '更新时间',
  `remark` varchar(500) DEFAULT '' COMMENT '备注',
  PRIMARY KEY (`id`)
) ENGINE=InnoDB DEFAULT CHARSET=utf8mb4 COLLATE=utf8mb4_0900_ai_ci COMMENT='试乘试驾';

/*Data for the table `crm_customer_trialrun` */

/*Table structure for table `gen_table` */

DROP TABLE IF EXISTS `gen_table`;

CREATE TABLE `gen_table` (
  `table_id` bigint NOT NULL AUTO_INCREMENT COMMENT '编号',
  `table_name` varchar(200) DEFAULT '' COMMENT '表名称',
  `table_comment` varchar(500) DEFAULT '' COMMENT '表描述',
  `sub_table_name` varchar(64) DEFAULT NULL COMMENT '关联子表的表名',
  `sub_table_fk_name` varchar(64) DEFAULT NULL COMMENT '子表关联的外键名',
  `class_name` varchar(100) DEFAULT '' COMMENT '实体类名称',
  `tpl_category` varchar(200) DEFAULT 'crud' COMMENT '使用的模板（crud单表操作 tree树表操作）',
  `package_name` varchar(100) DEFAULT NULL COMMENT '生成包路径',
  `module_name` varchar(30) DEFAULT NULL COMMENT '生成模块名',
  `business_name` varchar(30) DEFAULT NULL COMMENT '生成业务名',
  `function_name` varchar(50) DEFAULT NULL COMMENT '生成功能名',
  `function_author` varchar(50) DEFAULT NULL COMMENT '生成功能作者',
  `gen_type` char(1) DEFAULT '0' COMMENT '生成代码方式（0zip压缩包 1自定义路径）',
  `gen_path` varchar(200) DEFAULT '/' COMMENT '生成路径（不填默认项目路径）',
  `options` varchar(1000) DEFAULT NULL COMMENT '其它生成选项',
  `create_by` varchar(64) DEFAULT '' COMMENT '创建者',
  `create_time` datetime DEFAULT NULL COMMENT '创建时间',
  `update_by` varchar(64) DEFAULT '' COMMENT '更新者',
  `update_time` datetime DEFAULT NULL COMMENT '更新时间',
  `remark` varchar(500) DEFAULT NULL COMMENT '备注',
  PRIMARY KEY (`table_id`)
) ENGINE=InnoDB DEFAULT CHARSET=utf8mb4 COLLATE=utf8mb4_0900_ai_ci COMMENT='代码生成业务表';

/*Data for the table `gen_table` */

/*Table structure for table `gen_table_column` */

DROP TABLE IF EXISTS `gen_table_column`;

CREATE TABLE `gen_table_column` (
  `column_id` bigint NOT NULL AUTO_INCREMENT COMMENT '编号',
  `table_id` varchar(64) DEFAULT NULL COMMENT '归属表编号',
  `column_name` varchar(200) DEFAULT NULL COMMENT '列名称',
  `column_comment` varchar(500) DEFAULT NULL COMMENT '列描述',
  `column_type` varchar(100) DEFAULT NULL COMMENT '列类型',
  `java_type` varchar(500) DEFAULT NULL COMMENT 'JAVA类型',
  `java_field` varchar(200) DEFAULT NULL COMMENT 'JAVA字段名',
  `is_pk` char(1) DEFAULT NULL COMMENT '是否主键（1是）',
  `is_increment` char(1) DEFAULT NULL COMMENT '是否自增（1是）',
  `is_required` char(1) DEFAULT NULL COMMENT '是否必填（1是）',
  `is_insert` char(1) DEFAULT NULL COMMENT '是否为插入字段（1是）',
  `is_edit` char(1) DEFAULT NULL COMMENT '是否编辑字段（1是）',
  `is_list` char(1) DEFAULT NULL COMMENT '是否列表字段（1是）',
  `is_query` char(1) DEFAULT NULL COMMENT '是否查询字段（1是）',
  `query_type` varchar(200) DEFAULT 'EQ' COMMENT '查询方式（等于、不等于、大于、小于、范围）',
  `html_type` varchar(200) DEFAULT NULL COMMENT '显示类型（文本框、文本域、下拉框、复选框、单选框、日期控件）',
  `dict_type` varchar(200) DEFAULT '' COMMENT '字典类型',
  `sort` int DEFAULT NULL COMMENT '排序',
  `create_by` varchar(64) DEFAULT '' COMMENT '创建者',
  `create_time` datetime DEFAULT NULL COMMENT '创建时间',
  `update_by` varchar(64) DEFAULT '' COMMENT '更新者',
  `update_time` datetime DEFAULT NULL COMMENT '更新时间',
  PRIMARY KEY (`column_id`)
) ENGINE=InnoDB DEFAULT CHARSET=utf8mb4 COLLATE=utf8mb4_0900_ai_ci COMMENT='代码生成业务表字段';

/*Data for the table `gen_table_column` */

/*Table structure for table `qrtz_blob_triggers` */

DROP TABLE IF EXISTS `qrtz_blob_triggers`;

CREATE TABLE `qrtz_blob_triggers` (
  `sched_name` varchar(120) NOT NULL COMMENT '调度名称',
  `trigger_name` varchar(200) NOT NULL COMMENT 'qrtz_triggers表trigger_name的外键',
  `trigger_group` varchar(200) NOT NULL COMMENT 'qrtz_triggers表trigger_group的外键',
  `blob_data` blob COMMENT '存放持久化Trigger对象',
  PRIMARY KEY (`sched_name`,`trigger_name`,`trigger_group`),
  CONSTRAINT `qrtz_blob_triggers_ibfk_1` FOREIGN KEY (`sched_name`, `trigger_name`, `trigger_group`) REFERENCES `qrtz_triggers` (`sched_name`, `trigger_name`, `trigger_group`)
) ENGINE=InnoDB DEFAULT CHARSET=utf8mb4 COLLATE=utf8mb4_0900_ai_ci COMMENT='Blob类型的触发器表';

/*Data for the table `qrtz_blob_triggers` */

/*Table structure for table `qrtz_calendars` */

DROP TABLE IF EXISTS `qrtz_calendars`;

CREATE TABLE `qrtz_calendars` (
  `sched_name` varchar(120) NOT NULL COMMENT '调度名称',
  `calendar_name` varchar(200) NOT NULL COMMENT '日历名称',
  `calendar` blob NOT NULL COMMENT '存放持久化calendar对象',
  PRIMARY KEY (`sched_name`,`calendar_name`)
) ENGINE=InnoDB DEFAULT CHARSET=utf8mb4 COLLATE=utf8mb4_0900_ai_ci COMMENT='日历信息表';

/*Data for the table `qrtz_calendars` */

/*Table structure for table `qrtz_cron_triggers` */

DROP TABLE IF EXISTS `qrtz_cron_triggers`;

CREATE TABLE `qrtz_cron_triggers` (
  `sched_name` varchar(120) NOT NULL COMMENT '调度名称',
  `trigger_name` varchar(200) NOT NULL COMMENT 'qrtz_triggers表trigger_name的外键',
  `trigger_group` varchar(200) NOT NULL COMMENT 'qrtz_triggers表trigger_group的外键',
  `cron_expression` varchar(200) NOT NULL COMMENT 'cron表达式',
  `time_zone_id` varchar(80) DEFAULT NULL COMMENT '时区',
  PRIMARY KEY (`sched_name`,`trigger_name`,`trigger_group`),
  CONSTRAINT `qrtz_cron_triggers_ibfk_1` FOREIGN KEY (`sched_name`, `trigger_name`, `trigger_group`) REFERENCES `qrtz_triggers` (`sched_name`, `trigger_name`, `trigger_group`)
) ENGINE=InnoDB DEFAULT CHARSET=utf8mb4 COLLATE=utf8mb4_0900_ai_ci COMMENT='Cron类型的触发器表';

/*Data for the table `qrtz_cron_triggers` */

/*Table structure for table `qrtz_fired_triggers` */

DROP TABLE IF EXISTS `qrtz_fired_triggers`;

CREATE TABLE `qrtz_fired_triggers` (
  `sched_name` varchar(120) NOT NULL COMMENT '调度名称',
  `entry_id` varchar(95) NOT NULL COMMENT '调度器实例id',
  `trigger_name` varchar(200) NOT NULL COMMENT 'qrtz_triggers表trigger_name的外键',
  `trigger_group` varchar(200) NOT NULL COMMENT 'qrtz_triggers表trigger_group的外键',
  `instance_name` varchar(200) NOT NULL COMMENT '调度器实例名',
  `fired_time` bigint NOT NULL COMMENT '触发的时间',
  `sched_time` bigint NOT NULL COMMENT '定时器制定的时间',
  `priority` int NOT NULL COMMENT '优先级',
  `state` varchar(16) NOT NULL COMMENT '状态',
  `job_name` varchar(200) DEFAULT NULL COMMENT '任务名称',
  `job_group` varchar(200) DEFAULT NULL COMMENT '任务组名',
  `is_nonconcurrent` varchar(1) DEFAULT NULL COMMENT '是否并发',
  `requests_recovery` varchar(1) DEFAULT NULL COMMENT '是否接受恢复执行',
  PRIMARY KEY (`sched_name`,`entry_id`)
) ENGINE=InnoDB DEFAULT CHARSET=utf8mb4 COLLATE=utf8mb4_0900_ai_ci COMMENT='已触发的触发器表';

/*Data for the table `qrtz_fired_triggers` */

/*Table structure for table `qrtz_job_details` */

DROP TABLE IF EXISTS `qrtz_job_details`;

CREATE TABLE `qrtz_job_details` (
  `sched_name` varchar(120) NOT NULL COMMENT '调度名称',
  `job_name` varchar(200) NOT NULL COMMENT '任务名称',
  `job_group` varchar(200) NOT NULL COMMENT '任务组名',
  `description` varchar(250) DEFAULT NULL COMMENT '相关介绍',
  `job_class_name` varchar(250) NOT NULL COMMENT '执行任务类名称',
  `is_durable` varchar(1) NOT NULL COMMENT '是否持久化',
  `is_nonconcurrent` varchar(1) NOT NULL COMMENT '是否并发',
  `is_update_data` varchar(1) NOT NULL COMMENT '是否更新数据',
  `requests_recovery` varchar(1) NOT NULL COMMENT '是否接受恢复执行',
  `job_data` blob COMMENT '存放持久化job对象',
  PRIMARY KEY (`sched_name`,`job_name`,`job_group`)
) ENGINE=InnoDB DEFAULT CHARSET=utf8mb4 COLLATE=utf8mb4_0900_ai_ci COMMENT='任务详细信息表';

/*Data for the table `qrtz_job_details` */

/*Table structure for table `qrtz_locks` */

DROP TABLE IF EXISTS `qrtz_locks`;

CREATE TABLE `qrtz_locks` (
  `sched_name` varchar(120) NOT NULL COMMENT '调度名称',
  `lock_name` varchar(40) NOT NULL COMMENT '悲观锁名称',
  PRIMARY KEY (`sched_name`,`lock_name`)
) ENGINE=InnoDB DEFAULT CHARSET=utf8mb4 COLLATE=utf8mb4_0900_ai_ci COMMENT='存储的悲观锁信息表';

/*Data for the table `qrtz_locks` */

/*Table structure for table `qrtz_paused_trigger_grps` */

DROP TABLE IF EXISTS `qrtz_paused_trigger_grps`;

CREATE TABLE `qrtz_paused_trigger_grps` (
  `sched_name` varchar(120) NOT NULL COMMENT '调度名称',
  `trigger_group` varchar(200) NOT NULL COMMENT 'qrtz_triggers表trigger_group的外键',
  PRIMARY KEY (`sched_name`,`trigger_group`)
) ENGINE=InnoDB DEFAULT CHARSET=utf8mb4 COLLATE=utf8mb4_0900_ai_ci COMMENT='暂停的触发器表';

/*Data for the table `qrtz_paused_trigger_grps` */

/*Table structure for table `qrtz_scheduler_state` */

DROP TABLE IF EXISTS `qrtz_scheduler_state`;

CREATE TABLE `qrtz_scheduler_state` (
  `sched_name` varchar(120) NOT NULL COMMENT '调度名称',
  `instance_name` varchar(200) NOT NULL COMMENT '实例名称',
  `last_checkin_time` bigint NOT NULL COMMENT '上次检查时间',
  `checkin_interval` bigint NOT NULL COMMENT '检查间隔时间',
  PRIMARY KEY (`sched_name`,`instance_name`)
) ENGINE=InnoDB DEFAULT CHARSET=utf8mb4 COLLATE=utf8mb4_0900_ai_ci COMMENT='调度器状态表';

/*Data for the table `qrtz_scheduler_state` */

/*Table structure for table `qrtz_simple_triggers` */

DROP TABLE IF EXISTS `qrtz_simple_triggers`;

CREATE TABLE `qrtz_simple_triggers` (
  `sched_name` varchar(120) NOT NULL COMMENT '调度名称',
  `trigger_name` varchar(200) NOT NULL COMMENT 'qrtz_triggers表trigger_name的外键',
  `trigger_group` varchar(200) NOT NULL COMMENT 'qrtz_triggers表trigger_group的外键',
  `repeat_count` bigint NOT NULL COMMENT '重复的次数统计',
  `repeat_interval` bigint NOT NULL COMMENT '重复的间隔时间',
  `times_triggered` bigint NOT NULL COMMENT '已经触发的次数',
  PRIMARY KEY (`sched_name`,`trigger_name`,`trigger_group`),
  CONSTRAINT `qrtz_simple_triggers_ibfk_1` FOREIGN KEY (`sched_name`, `trigger_name`, `trigger_group`) REFERENCES `qrtz_triggers` (`sched_name`, `trigger_name`, `trigger_group`)
) ENGINE=InnoDB DEFAULT CHARSET=utf8mb4 COLLATE=utf8mb4_0900_ai_ci COMMENT='简单触发器的信息表';

/*Data for the table `qrtz_simple_triggers` */

/*Table structure for table `qrtz_simprop_triggers` */

DROP TABLE IF EXISTS `qrtz_simprop_triggers`;

CREATE TABLE `qrtz_simprop_triggers` (
  `sched_name` varchar(120) NOT NULL COMMENT '调度名称',
  `trigger_name` varchar(200) NOT NULL COMMENT 'qrtz_triggers表trigger_name的外键',
  `trigger_group` varchar(200) NOT NULL COMMENT 'qrtz_triggers表trigger_group的外键',
  `str_prop_1` varchar(512) DEFAULT NULL COMMENT 'String类型的trigger的第一个参数',
  `str_prop_2` varchar(512) DEFAULT NULL COMMENT 'String类型的trigger的第二个参数',
  `str_prop_3` varchar(512) DEFAULT NULL COMMENT 'String类型的trigger的第三个参数',
  `int_prop_1` int DEFAULT NULL COMMENT 'int类型的trigger的第一个参数',
  `int_prop_2` int DEFAULT NULL COMMENT 'int类型的trigger的第二个参数',
  `long_prop_1` bigint DEFAULT NULL COMMENT 'long类型的trigger的第一个参数',
  `long_prop_2` bigint DEFAULT NULL COMMENT 'long类型的trigger的第二个参数',
  `dec_prop_1` decimal(13,4) DEFAULT NULL COMMENT 'decimal类型的trigger的第一个参数',
  `dec_prop_2` decimal(13,4) DEFAULT NULL COMMENT 'decimal类型的trigger的第二个参数',
  `bool_prop_1` varchar(1) DEFAULT NULL COMMENT 'Boolean类型的trigger的第一个参数',
  `bool_prop_2` varchar(1) DEFAULT NULL COMMENT 'Boolean类型的trigger的第二个参数',
  PRIMARY KEY (`sched_name`,`trigger_name`,`trigger_group`),
  CONSTRAINT `qrtz_simprop_triggers_ibfk_1` FOREIGN KEY (`sched_name`, `trigger_name`, `trigger_group`) REFERENCES `qrtz_triggers` (`sched_name`, `trigger_name`, `trigger_group`)
) ENGINE=InnoDB DEFAULT CHARSET=utf8mb4 COLLATE=utf8mb4_0900_ai_ci COMMENT='同步机制的行锁表';

/*Data for the table `qrtz_simprop_triggers` */

/*Table structure for table `qrtz_triggers` */

DROP TABLE IF EXISTS `qrtz_triggers`;

CREATE TABLE `qrtz_triggers` (
  `sched_name` varchar(120) NOT NULL COMMENT '调度名称',
  `trigger_name` varchar(200) NOT NULL COMMENT '触发器的名字',
  `trigger_group` varchar(200) NOT NULL COMMENT '触发器所属组的名字',
  `job_name` varchar(200) NOT NULL COMMENT 'qrtz_job_details表job_name的外键',
  `job_group` varchar(200) NOT NULL COMMENT 'qrtz_job_details表job_group的外键',
  `description` varchar(250) DEFAULT NULL COMMENT '相关介绍',
  `next_fire_time` bigint DEFAULT NULL COMMENT '上一次触发时间（毫秒）',
  `prev_fire_time` bigint DEFAULT NULL COMMENT '下一次触发时间（默认为-1表示不触发）',
  `priority` int DEFAULT NULL COMMENT '优先级',
  `trigger_state` varchar(16) NOT NULL COMMENT '触发器状态',
  `trigger_type` varchar(8) NOT NULL COMMENT '触发器的类型',
  `start_time` bigint NOT NULL COMMENT '开始时间',
  `end_time` bigint DEFAULT NULL COMMENT '结束时间',
  `calendar_name` varchar(200) DEFAULT NULL COMMENT '日程表名称',
  `misfire_instr` smallint DEFAULT NULL COMMENT '补偿执行的策略',
  `job_data` blob COMMENT '存放持久化job对象',
  PRIMARY KEY (`sched_name`,`trigger_name`,`trigger_group`),
  KEY `sched_name` (`sched_name`,`job_name`,`job_group`),
  CONSTRAINT `qrtz_triggers_ibfk_1` FOREIGN KEY (`sched_name`, `job_name`, `job_group`) REFERENCES `qrtz_job_details` (`sched_name`, `job_name`, `job_group`)
) ENGINE=InnoDB DEFAULT CHARSET=utf8mb4 COLLATE=utf8mb4_0900_ai_ci COMMENT='触发器详细信息表';

/*Data for the table `qrtz_triggers` */

/*Table structure for table `sys_area` */

DROP TABLE IF EXISTS `sys_area`;

CREATE TABLE `sys_area` (
  `id` bigint NOT NULL AUTO_INCREMENT COMMENT '区域数据id',
  `area_name` varchar(64) NOT NULL COMMENT '区域名称',
  `area_range` json DEFAULT NULL COMMENT '涵盖区域',
  `create_by` varchar(64) NOT NULL COMMENT '创建者',
  `create_time` datetime NOT NULL COMMENT '创建时间',
  `update_by` varchar(64) DEFAULT NULL COMMENT '修改人',
  `update_time` datetime DEFAULT NULL COMMENT '修改时间',
  `del_flag` char(1) NOT NULL COMMENT '状态0存在 1删除',
  `remark` varchar(256) DEFAULT NULL COMMENT '备注',
  PRIMARY KEY (`id`)
) ENGINE=InnoDB AUTO_INCREMENT=6 DEFAULT CHARSET=utf8mb4 COLLATE=utf8mb4_0900_ai_ci COMMENT='区域表';

/*Data for the table `sys_area` */

insert  into `sys_area`(`id`,`area_name`,`area_range`,`create_by`,`create_time`,`update_by`,`update_time`,`del_flag`,`remark`) values 
(1,'测试','[{\"cityCode\": 110000, \"cityName\": \"北京市\"}]','hao','2023-02-06 15:18:54',NULL,NULL,'1',NULL),
(2,'华东区域','[{\"cityCode\": 140100, \"cityName\": \"太原市\"}, {\"cityCode\": 140200, \"cityName\": \"大同市\"}, {\"cityCode\": 140300, \"cityName\": \"阳泉市\"}, {\"cityCode\": 310000, \"cityName\": \"上海市\"}, {\"cityCode\": 320300, \"cityName\": \"徐州市\"}]','王俊','2023-02-09 12:00:48',NULL,NULL,'0',NULL),
(3,'华北地区','[{\"cityCode\": 120000, \"cityName\": \"天津市\"}, {\"cityCode\": 130100, \"cityName\": \"石家庄市\"}, {\"cityCode\": 150100, \"cityName\": \"呼和浩特市\"}]','杨朝','2023-02-10 09:24:27',NULL,NULL,'0',NULL),
(4,'华北','[{\"cityCode\": 130200, \"cityName\": \"唐山市\"}, {\"cityCode\": 130300, \"cityName\": \"秦皇岛市\"}, {\"cityCode\": 130400, \"cityName\": \"邯郸市\"}, {\"cityCode\": 130500, \"cityName\": \"邢台市\"}, {\"cityCode\": 130600, \"cityName\": \"保定市\"}, {\"cityCode\": 130700, \"cityName\": \"张家口市\"}]','杨朝','2023-02-10 09:24:49',NULL,NULL,'1',NULL),
(5,'测试测试','[{\"cityCode\": 450300, \"cityName\": \"桂林市\"}, {\"cityCode\": 450400, \"cityName\": \"梧州市\"}, {\"cityCode\": 450500, \"cityName\": \"北海市\"}, {\"cityCode\": 450600, \"cityName\": \"防城港市\"}, {\"cityCode\": 450700, \"cityName\": \"钦州市\"}, {\"cityCode\": 450800, \"cityName\": \"贵港市\"}, {\"cityCode\": 450900, \"cityName\": \"玉林市\"}, {\"cityCode\": 451000, \"cityName\": \"百色市\"}, {\"cityCode\": 451100, \"cityName\": \"贺州市\"}, {\"cityCode\": 451200, \"cityName\": \"河池市\"}, {\"cityCode\": 451300, \"cityName\": \"来宾市\"}, {\"cityCode\": 451400, \"cityName\": \"崇左市\"}]','张晓莹','2023-02-20 10:01:18',NULL,NULL,'1',NULL);

/*Table structure for table `sys_area_range_log` */

DROP TABLE IF EXISTS `sys_area_range_log`;

CREATE TABLE `sys_area_range_log` (
  `id` bigint NOT NULL AUTO_INCREMENT COMMENT '数据id',
  `city_code` int NOT NULL COMMENT '城市行政编码',
  `city_name` varchar(128) NOT NULL COMMENT '城市名称',
  `area_id` bigint NOT NULL COMMENT '区域id',
  `area_name` varchar(128) CHARACTER SET utf8mb4 COLLATE utf8mb4_0900_ai_ci DEFAULT NULL COMMENT '区域名称',
  PRIMARY KEY (`id`),
  KEY `index_query` (`city_code`) USING BTREE
) ENGINE=InnoDB AUTO_INCREMENT=189 DEFAULT CHARSET=utf8mb4 COLLATE=utf8mb4_0900_ai_ci;

/*Data for the table `sys_area_range_log` */

insert  into `sys_area_range_log`(`id`,`city_code`,`city_name`,`area_id`,`area_name`) values 
(148,120000,'天津市',3,'华北地区'),
(149,130100,'石家庄市',3,'华北地区'),
(150,150100,'呼和浩特市',3,'华北地区'),
(157,140100,'太原市',2,NULL),
(158,140200,'大同市',2,NULL),
(159,140300,'阳泉市',2,NULL),
(160,310000,'上海市',2,NULL),
(161,320300,'徐州市',2,NULL);

/*Table structure for table `sys_company` */

DROP TABLE IF EXISTS `sys_company`;

CREATE TABLE `sys_company` (
  `id` bigint NOT NULL AUTO_INCREMENT COMMENT '数据序列ID',
  `city_code` int DEFAULT NULL COMMENT ' 城市划分代码',
  `city_name` varchar(64) CHARACTER SET utf8mb4 COLLATE utf8mb4_0900_ai_ci DEFAULT '' COMMENT '城市名称',
  `company_id` varchar(64) CHARACTER SET utf8mb4 COLLATE utf8mb4_0900_ai_ci DEFAULT '' COMMENT '公司ID',
  `company_name` varchar(64) CHARACTER SET utf8mb4 COLLATE utf8mb4_0900_ai_ci DEFAULT '' COMMENT '公司名称',
  `company_reg_address` varchar(128) CHARACTER SET utf8mb4 COLLATE utf8mb4_0900_ai_ci DEFAULT '' COMMENT '公司注册地址',
  `company_com_address` varchar(128) CHARACTER SET utf8mb4 COLLATE utf8mb4_0900_ai_ci DEFAULT '' COMMENT '公司通信地址',
  `company_reg_time` varchar(64) DEFAULT NULL COMMENT '公司注册时间',
  `company_phone` varchar(64) CHARACTER SET utf8mb4 COLLATE utf8mb4_0900_ai_ci DEFAULT '' COMMENT '公司电话',
  `reg_capital` decimal(15,2) DEFAULT NULL COMMENT '注册资本',
  `identifier` varchar(64) CHARACTER SET utf8mb4 COLLATE utf8mb4_0900_ai_ci DEFAULT '' COMMENT '社会信用代码',
  `staff_num` varchar(64) CHARACTER SET utf8mb4 COLLATE utf8mb4_0900_ai_ci DEFAULT '' COMMENT '公司人数',
  `legal_person_name` varchar(64) CHARACTER SET utf8mb4 COLLATE utf8mb4_0900_ai_ci DEFAULT '' COMMENT '法人代表',
  `legal_person_idcard` varchar(64) CHARACTER SET utf8mb4 COLLATE utf8mb4_0900_ai_ci DEFAULT '' COMMENT '法人身份证号',
  `legal_person_phone` varchar(64) CHARACTER SET utf8mb4 COLLATE utf8mb4_0900_ai_ci DEFAULT '' COMMENT '法人电话',
  `exist_branch_company` char(1) CHARACTER SET utf8mb4 COLLATE utf8mb4_0900_ai_ci DEFAULT '1' COMMENT '是否存在分公司（0有，1没有）',
  `branch_company_num` int DEFAULT NULL COMMENT '分公司数量',
  `account_name` varchar(64) CHARACTER SET utf8mb4 COLLATE utf8mb4_0900_ai_ci DEFAULT '' COMMENT '公户名称',
  `account_open_bank` varchar(128) CHARACTER SET utf8mb4 COLLATE utf8mb4_0900_ai_ci DEFAULT '' COMMENT '开户行',
  `account_num` varchar(128) CHARACTER SET utf8mb4 COLLATE utf8mb4_0900_ai_ci DEFAULT '' COMMENT '公户号',
  `account_phone` varchar(64) CHARACTER SET utf8mb4 COLLATE utf8mb4_0900_ai_ci DEFAULT '' COMMENT '账户留存电话',
  `create_by` varchar(64) CHARACTER SET utf8mb4 COLLATE utf8mb4_0900_ai_ci DEFAULT '' COMMENT '创建人',
  `create_time` datetime DEFAULT NULL COMMENT '创建时间',
  `update_by` varchar(64) CHARACTER SET utf8mb4 COLLATE utf8mb4_0900_ai_ci DEFAULT '' COMMENT '更新者',
  `update_time` datetime DEFAULT NULL COMMENT '更新时间',
  `del_flag` char(1) CHARACTER SET utf8mb4 COLLATE utf8mb4_0900_ai_ci DEFAULT '0' COMMENT '删除操作（0有效，1删除）',
  `remark` varchar(256) CHARACTER SET utf8mb4 COLLATE utf8mb4_0900_ai_ci DEFAULT '' COMMENT '备注',
  `city_code_list` json DEFAULT NULL COMMENT '省市code',
  PRIMARY KEY (`id`)
) ENGINE=InnoDB AUTO_INCREMENT=56 DEFAULT CHARSET=utf8mb4 COLLATE=utf8mb4_0900_ai_ci COMMENT='公司管理表';

/*Data for the table `sys_company` */

insert  into `sys_company`(`id`,`city_code`,`city_name`,`company_id`,`company_name`,`company_reg_address`,`company_com_address`,`company_reg_time`,`company_phone`,`reg_capital`,`identifier`,`staff_num`,`legal_person_name`,`legal_person_idcard`,`legal_person_phone`,`exist_branch_company`,`branch_company_num`,`account_name`,`account_open_bank`,`account_num`,`account_phone`,`create_by`,`create_time`,`update_by`,`update_time`,`del_flag`,`remark`,`city_code_list`) values 
(51,610100,'西安市','242492573379902','蔚蓝出行','科技二路','','2022-02-01','FQ62TQ7HY54n4mnnyvJQEw==',NULL,'710000','','张三','','','1',NULL,'','中国农业银行股份有限公司','15670101040038569','','hao','2023-02-06 10:27:40','yang','2023-02-06 14:22:01','1','','[610000, 610100]'),
(54,110000,'北京市','393321256829762','测试公司','测试公司','','2023-02-06','z9mRs17qQOFGMI1TDelfXg==',NULL,'12312','','测试公司','','','1',NULL,'','123123','123123','','hao','2023-02-06 15:49:28','',NULL,'0','','[110000, 110000]'),
(55,120000,'天津市','259757310250915','鸿建百科','地址','','2023-02-06','ERoS4IrQ1eZtAy1tuvQf7A==',NULL,'12344123','','答复','','','1',NULL,'','民生银行','12341234','','王俊','2023-02-09 12:05:33','测试','2023-03-07 17:52:58','0','','[120000, 120000]');

/*Table structure for table `sys_config` */

DROP TABLE IF EXISTS `sys_config`;

CREATE TABLE `sys_config` (
  `config_id` int NOT NULL AUTO_INCREMENT COMMENT '参数主键',
  `config_name` varchar(100) DEFAULT '' COMMENT '参数名称',
  `config_key` varchar(100) DEFAULT '' COMMENT '参数键名',
  `config_value` varchar(500) DEFAULT '' COMMENT '参数键值',
  `config_type` char(1) DEFAULT 'N' COMMENT '系统内置（Y是 N否）',
  `create_by` varchar(64) DEFAULT '' COMMENT '创建者',
  `create_time` datetime DEFAULT NULL COMMENT '创建时间',
  `update_by` varchar(64) DEFAULT '' COMMENT '更新者',
  `update_time` datetime DEFAULT NULL COMMENT '更新时间',
  `remark` varchar(500) DEFAULT NULL COMMENT '备注',
  PRIMARY KEY (`config_id`)
) ENGINE=InnoDB AUTO_INCREMENT=100 DEFAULT CHARSET=utf8mb4 COLLATE=utf8mb4_0900_ai_ci COMMENT='参数配置表';

/*Data for the table `sys_config` */

insert  into `sys_config`(`config_id`,`config_name`,`config_key`,`config_value`,`config_type`,`create_by`,`create_time`,`update_by`,`update_time`,`remark`) values 
(1,'主框架页-默认皮肤样式名称','sys.index.skinName','skin-blue','Y','admin','2022-12-27 17:50:27','',NULL,'蓝色 skin-blue、绿色 skin-green、紫色 skin-purple、红色 skin-red、黄色 skin-yellow'),
(2,'用户管理-账号初始密码','sys.user.initPassword','123456','Y','admin','2022-12-27 17:50:27','',NULL,'初始化密码 123456'),
(3,'主框架页-侧边栏主题','sys.index.sideTheme','theme-dark','Y','admin','2022-12-27 17:50:27','',NULL,'深色主题theme-dark，浅色主题theme-light'),
(4,'账号自助-验证码开关','sys.account.captchaEnabled','false','Y','admin','2022-12-27 17:50:27','admin','2023-01-06 10:41:58','是否开启验证码功能（true开启，false关闭）'),
(5,'账号自助-是否开启用户注册功能','sys.account.registerUser','false','Y','admin','2022-12-27 17:50:27','',NULL,'是否开启注册用户功能（true开启，false关闭）');

/*Table structure for table `sys_dept` */

DROP TABLE IF EXISTS `sys_dept`;

CREATE TABLE `sys_dept` (
  `dept_id` bigint NOT NULL AUTO_INCREMENT COMMENT '部门id',
  `parent_id` bigint DEFAULT '0' COMMENT '父部门id',
  `ancestors` varchar(50) DEFAULT '' COMMENT '祖级列表',
  `dept_name` varchar(30) DEFAULT '' COMMENT '部门名称',
  `order_num` int DEFAULT '0' COMMENT '显示顺序',
  `leader` varchar(20) DEFAULT NULL COMMENT '负责人',
  `phone` varchar(32) CHARACTER SET utf8mb4 COLLATE utf8mb4_0900_ai_ci DEFAULT NULL COMMENT '联系电话',
  `email` varchar(50) DEFAULT NULL COMMENT '邮箱',
  `status` varchar(50) CHARACTER SET utf8mb4 COLLATE utf8mb4_0900_ai_ci DEFAULT '0' COMMENT '部门状态（0正常 1停用）',
  `del_flag` char(1) DEFAULT '0' COMMENT '删除标志（0代表存在 2代表删除）',
  `create_by` varchar(64) DEFAULT '' COMMENT '创建者',
  `create_time` datetime DEFAULT NULL COMMENT '创建时间',
  `update_by` varchar(64) DEFAULT '' COMMENT '更新者',
  `update_time` datetime DEFAULT NULL COMMENT '更新时间',
  `dept_company_id` bigint DEFAULT NULL COMMENT '公司与部门关联Id',
  `dept_staff_num` bigint DEFAULT '0' COMMENT '部门成员',
  PRIMARY KEY (`dept_id`)
) ENGINE=InnoDB AUTO_INCREMENT=193 DEFAULT CHARSET=utf8mb4 COLLATE=utf8mb4_0900_ai_ci COMMENT='部门表';

/*Data for the table `sys_dept` */

insert  into `sys_dept`(`dept_id`,`parent_id`,`ancestors`,`dept_name`,`order_num`,`leader`,`phone`,`email`,`status`,`del_flag`,`create_by`,`create_time`,`update_by`,`update_time`,`dept_company_id`,`dept_staff_num`) values 
(181,0,'0','wl出行',0,'100','FQ62TQ7HY54n4mnnyvJQEw==',NULL,'0','0','hao','2023-02-06 10:27:39','',NULL,51,-1),
(185,0,'0','测试公司',0,'测试公司','z9mRs17qQOFGMI1TDelfXg==',NULL,'0','0','hao','2023-02-06 15:49:27','',NULL,54,0),
(186,181,'0,181','test',0,'2','z9vFEsQ31zoFAACFwdD8Eg==',NULL,'0','0','gao','2023-02-08 09:16:49','',NULL,NULL,-1),
(187,186,'0,181,186','teste01',0,'1','z9vFEsQ31zoFAACFwdD8Eg==',NULL,'0','0','gao','2023-02-08 09:25:30','gao','2023-02-08 09:33:16',NULL,-2),
(188,185,'0,185','1',0,'101','ZiMyBFN4/jqDU+IJcqFkyg==',NULL,'0','0','gao','2023-02-08 14:37:30','',NULL,NULL,0),
(189,186,'0,181,186','9999',0,NULL,NULL,NULL,'0','2','',NULL,'',NULL,NULL,1),
(190,0,'0','百科',0,'答复','GVG4Wx0OxItgnfntFCZQFA==',NULL,'0','0','王俊','2023-02-09 12:05:33','',NULL,55,0),
(191,188,'0,185,188','2',0,'101','dIuLoy2sIQW/pl7GROEA8w==',NULL,'0','0','gao','2023-02-09 16:02:49','',NULL,NULL,0),
(192,190,'0,190','减少测试',0,'144','zPHsaBGLxUc6Z7itRn2hRQ==',NULL,'0','2','yang','2023-02-10 09:20:58','',NULL,NULL,0);

/*Table structure for table `sys_dict_data` */

DROP TABLE IF EXISTS `sys_dict_data`;

CREATE TABLE `sys_dict_data` (
  `dict_code` bigint NOT NULL AUTO_INCREMENT COMMENT '字典编码',
  `dict_sort` int DEFAULT '0' COMMENT '字典排序',
  `dict_label` varchar(100) DEFAULT '' COMMENT '字典标签',
  `dict_value` varchar(100) DEFAULT '' COMMENT '字典键值',
  `dict_type` varchar(100) DEFAULT '' COMMENT '字典类型',
  `css_class` varchar(100) DEFAULT NULL COMMENT '样式属性（其他样式扩展）',
  `list_class` varchar(100) DEFAULT NULL COMMENT '表格回显样式',
  `is_default` char(1) DEFAULT 'N' COMMENT '是否默认（Y是 N否）',
  `status` char(1) DEFAULT '0' COMMENT '状态（0正常 1停用）',
  `create_by` varchar(64) DEFAULT '' COMMENT '创建者',
  `create_time` datetime DEFAULT NULL COMMENT '创建时间',
  `update_by` varchar(64) DEFAULT '' COMMENT '更新者',
  `update_time` datetime DEFAULT NULL COMMENT '更新时间',
  `remark` varchar(500) DEFAULT NULL COMMENT '备注',
  PRIMARY KEY (`dict_code`)
) ENGINE=InnoDB AUTO_INCREMENT=162 DEFAULT CHARSET=utf8mb4 COLLATE=utf8mb4_0900_ai_ci COMMENT='字典数据表';

/*Data for the table `sys_dict_data` */

insert  into `sys_dict_data`(`dict_code`,`dict_sort`,`dict_label`,`dict_value`,`dict_type`,`css_class`,`list_class`,`is_default`,`status`,`create_by`,`create_time`,`update_by`,`update_time`,`remark`) values 
(1,1,'男','0','sys_user_sex','','','Y','0','admin','2022-12-27 17:50:25','',NULL,'性别男'),
(2,2,'女','1','sys_user_sex','','','N','0','admin','2022-12-27 17:50:25','',NULL,'性别女'),
(3,3,'未知','2','sys_user_sex','','','N','0','admin','2022-12-27 17:50:25','',NULL,'性别未知'),
(4,1,'显示','0','sys_show_hide','','primary','Y','0','admin','2022-12-27 17:50:25','',NULL,'显示菜单'),
(5,2,'隐藏','1','sys_show_hide','','danger','N','0','admin','2022-12-27 17:50:25','',NULL,'隐藏菜单'),
(6,1,'正常','0','sys_normal_disable','','primary','Y','0','admin','2022-12-27 17:50:25','',NULL,'正常状态'),
(7,2,'停用','1','sys_normal_disable','','danger','N','0','admin','2022-12-27 17:50:25','',NULL,'停用状态'),
(8,1,'正常','0','sys_job_status','','primary','Y','0','admin','2022-12-27 17:50:25','',NULL,'正常状态'),
(9,2,'暂停','1','sys_job_status','','danger','N','0','admin','2022-12-27 17:50:25','',NULL,'停用状态'),
(10,1,'默认','DEFAULT','sys_job_group','','','Y','0','admin','2022-12-27 17:50:25','',NULL,'默认分组'),
(11,2,'系统','SYSTEM','sys_job_group','','','N','0','admin','2022-12-27 17:50:25','',NULL,'系统分组'),
(12,1,'是','Y','sys_yes_no','','primary','Y','0','admin','2022-12-27 17:50:25','',NULL,'系统默认是'),
(13,2,'否','N','sys_yes_no','','danger','N','0','admin','2022-12-27 17:50:25','',NULL,'系统默认否'),
(14,1,'通知','1','sys_notice_type','','warning','Y','0','admin','2022-12-27 17:50:25','',NULL,'通知'),
(15,2,'公告','2','sys_notice_type','','success','N','0','admin','2022-12-27 17:50:25','',NULL,'公告'),
(16,1,'正常','0','sys_notice_status','','primary','Y','0','admin','2022-12-27 17:50:25','',NULL,'正常状态'),
(17,2,'关闭','1','sys_notice_status','','danger','N','0','admin','2022-12-27 17:50:25','',NULL,'关闭状态'),
(18,99,'其他','0','sys_oper_type','','info','N','0','admin','2022-12-27 17:50:25','',NULL,'其他操作'),
(19,1,'新增','1','sys_oper_type','','info','N','0','admin','2022-12-27 17:50:25','',NULL,'新增操作'),
(20,2,'修改','2','sys_oper_type','','info','N','0','admin','2022-12-27 17:50:25','',NULL,'修改操作'),
(21,3,'删除','3','sys_oper_type','','danger','N','0','admin','2022-12-27 17:50:25','',NULL,'删除操作'),
(22,4,'授权','4','sys_oper_type','','primary','N','0','admin','2022-12-27 17:50:25','',NULL,'授权操作'),
(23,5,'导出','5','sys_oper_type','','warning','N','0','admin','2022-12-27 17:50:25','',NULL,'导出操作'),
(24,6,'导入','6','sys_oper_type','','warning','N','0','admin','2022-12-27 17:50:25','',NULL,'导入操作'),
(25,7,'强退','7','sys_oper_type','','danger','N','0','admin','2022-12-27 17:50:25','',NULL,'强退操作'),
(26,8,'生成代码','8','sys_oper_type','','warning','N','0','admin','2022-12-27 17:50:25','',NULL,'生成操作'),
(27,9,'清空数据','9','sys_oper_type','','danger','N','0','admin','2022-12-27 17:50:25','',NULL,'清空操作'),
(28,1,'成功','0','sys_common_status','','primary','N','0','admin','2022-12-27 17:50:25','',NULL,'正常状态'),
(29,2,'失败','1','sys_common_status','','danger','N','0','admin','2022-12-27 17:50:25','',NULL,'停用状态'),
(100,1,'A','A','crm_customer_level',NULL,'default','N','0','admin','2023-01-09 10:39:33','',NULL,NULL),
(101,2,'B','B','crm_customer_level',NULL,'default','N','0','admin','2023-01-09 10:39:43','',NULL,NULL),
(102,3,'C','C','crm_customer_level',NULL,'default','N','0','admin','2023-01-09 10:39:51','',NULL,NULL),
(103,4,'D','D','crm_customer_level',NULL,'default','N','0','admin','2023-01-09 10:39:58','',NULL,NULL),
(104,5,'E','E','crm_customer_level',NULL,'default','N','0','admin','2023-01-09 10:40:23','',NULL,NULL),
(105,0,'线索录入','XIAN_SUO_LU_RU','crm_customer_source',NULL,'default','N','0','admin','2023-01-09 10:48:04','',NULL,NULL),
(106,0,'来店登记','LAI_DIAN_DENG_JI','crm_customer_source',NULL,'default','N','1','admin','2023-01-09 10:48:37','superadmin','2023-01-13 10:53:33',NULL),
(107,0,'电话咨询','DIAN_HUA_ZI_XUN','crm_customer_source',NULL,'default','N','1','admin','2023-01-09 10:49:13','superadmin','2023-01-13 10:53:37',NULL),
(108,0,'网约车销售','WANG_YUE_CHE_XIAO_SHOU','crm_customer_businessType',NULL,NULL,'N','0','admin','2023-01-09 10:49:13','',NULL,NULL),
(109,0,'线索阶段','XIAN_SUO_JIE_DUAN','crm_customer_stage',NULL,'default','N','0','admin','2023-01-09 11:12:00','',NULL,NULL),
(110,0,'待跟进','1','crm_customer_status',NULL,'default','N','0','admin','2023-01-09 11:14:23','superadmin','2023-01-10 11:18:09',NULL),
(111,0,'待分配','0','crm_customer_status',NULL,'default','N','0','admin','2023-01-09 11:14:31','',NULL,NULL),
(112,0,'身份证','SHEN_FEN_ZHENG','crm_customer_cert',NULL,'default','N','0','superadmin','2023-01-09 16:37:27','',NULL,NULL),
(113,0,'驾驶证','JIA_SHI_ZHENG','crm_customer_cert',NULL,'default','N','0','superadmin','2023-01-09 16:37:49','',NULL,NULL),
(114,0,'电话外呼','DIAN_HUA_WAI_HU','crm_customer_followtype',NULL,'default','N','0','superadmin','2023-01-09 16:56:07','',NULL,NULL),
(115,1,'邀约进店','YAO_YUE_JIN_DIAN','crm_customer_followtype',NULL,'default','N','0','superadmin','2023-01-09 16:56:39','',NULL,NULL),
(116,0,'任务消息','1','crm_message_type',NULL,'default','N','0','admin','2023-01-10 09:29:30','',NULL,NULL),
(117,1,'系统消息','2','crm_message_type',NULL,'default','N','0','admin','2023-01-10 09:30:15','',NULL,NULL),
(118,2,'审批消息','3','crm_message_type',NULL,'default','N','0','admin','2023-01-10 09:30:58','',NULL,NULL),
(119,3,'进度提醒','4','crm_message_type',NULL,'default','N','0','admin','2023-01-10 10:17:02','',NULL,NULL),
(120,0,'跟进中','2','crm_customer_status',NULL,'default','N','0','superadmin','2023-01-10 11:18:20','',NULL,NULL),
(121,0,'已完成','3','crm_customer_status',NULL,'default','N','0','superadmin','2023-01-10 11:20:50','superadmin','2023-01-10 11:45:21',NULL),
(122,0,'价格原因','JIA_GE_YUAN_YIN','crm_customer_failure',NULL,'default','N','0','superadmin','2023-01-11 10:40:30','',NULL,NULL),
(123,1,'看车','KAN_CHE','crm_customer_visitpurpose',NULL,'default','N','0','superadmin','2023-01-11 15:54:25','superadmin','2023-01-11 15:54:56',NULL),
(124,2,'试乘试驾','SHI_CHENG_SHI_JIA','crm_customer_visitpurpose',NULL,'default','N','0','superadmin','2023-01-11 15:54:50','',NULL,NULL),
(125,3,'办手续','BAN_SHOU_XU','crm_customer_visitpurpose',NULL,'default','N','0','superadmin','2023-01-11 15:55:20','',NULL,NULL),
(126,4,'其他','QI_TA','crm_customer_visitpurpose',NULL,'default','N','0','superadmin','2023-01-11 15:55:50','',NULL,NULL),
(127,1,'自然进店','ZI_RAN_JIN_DIAN','crm_customer_visittype',NULL,'default','N','0','superadmin','2023-01-11 15:58:38','superadmin','2023-01-11 15:59:18',NULL),
(128,2,'电话邀约','DIAN_HUA_YAO_YUE','crm_customer_visittype',NULL,'default','N','0','superadmin','2023-01-11 15:59:13','',NULL,NULL),
(129,0,'试乘','1','crm_customer_trialruntype',NULL,'default','N','0','superadmin','2023-01-12 10:01:45','',NULL,NULL),
(130,0,'试驾','2','crm_customer_trialruntype',NULL,'default','N','0','superadmin','2023-01-12 10:01:52','',NULL,NULL),
(131,0,'待受理','0','crm_customer_trialrunstatus',NULL,'default','N','0','superadmin','2023-01-12 10:03:09','',NULL,NULL),
(132,1,'待试驾','1','crm_customer_trialrunstatus',NULL,'default','N','0','superadmin','2023-01-12 10:03:30','superadmin','2023-01-12 10:03:38',NULL),
(133,2,'已完成','2','crm_customer_trialrunstatus',NULL,'default','N','0','superadmin','2023-01-12 10:03:53','',NULL,NULL),
(134,3,'已取消','3','crm_customer_trialrunstatus',NULL,'default','N','0','superadmin','2023-01-12 10:04:11','',NULL,NULL),
(135,4,'已过期','4','crm_customer_trialrunstatus',NULL,'default','N','0','superadmin','2023-01-12 10:04:27','',NULL,NULL),
(136,4,'批量导入','PI_LIANG_DAO_RU','crm_customer_source',NULL,'default','N','0','superadmin','2023-01-12 14:54:04','',NULL,NULL),
(137,0,'身份证','0','sys_document_type',NULL,'default','N','0','superadmin','2023-01-12 17:16:55','',NULL,NULL),
(138,1,'护照','1','sys_document_type',NULL,'default','N','0','superadmin','2023-01-12 17:32:54','',NULL,NULL),
(139,0,'个人','GE_REN','crm_customer_nature',NULL,'default','N','0','superadmin','2023-01-13 10:16:56','',NULL,NULL),
(140,0,'企业','QI_YE','crm_customer_nature',NULL,'default','N','0','superadmin','2023-01-13 10:17:11','',NULL,NULL),
(141,0,'批量导入','0','crm_customer_importType',NULL,'default','N','0','superadmin','2023-01-13 10:36:04','',NULL,NULL),
(142,0,'小程序批量导入','1','crm_customer_importType',NULL,'default','N','0','superadmin','2023-01-13 10:36:13','superadmin','2023-01-13 10:36:18',NULL),
(143,0,'手动录入','SHOU_DONG_LU_RU','crm_customer_source',NULL,'default','N','1','superadmin','2023-01-13 14:16:37','superadmin','2023-01-13 14:16:45',NULL),
(144,0,'全款','QUAN_KUAN','crm_customer_purchaseType',NULL,'default','N','0','superadmin','2023-01-13 14:20:24','superadmin','2023-01-13 14:20:51',NULL),
(145,1,'分期','FEN_QI','crm_customer_purchaseType',NULL,'default','N','0','superadmin','2023-01-13 14:20:29','superadmin','2023-01-13 14:21:06',NULL),
(146,5,'小程序批量导入','WX_PI_LIANG_DAO_RU','crm_customer_source',NULL,'default','N','0','superadmin','2023-01-13 17:08:45','superadmin','2023-01-13 17:08:51',NULL),
(147,0,'待处理任务','1','crm_task_type',NULL,NULL,'N','0','superadmin','2023-01-14 15:47:49','',NULL,NULL),
(148,1,'已处理任务','2','crm_task_type',NULL,NULL,'N','0','superadmin','2023-01-14 15:47:52','',NULL,NULL),
(149,2,'已发起任务','3','crm_task_type',NULL,NULL,'N','0','superadmin','2023-01-14 15:48:58','',NULL,NULL),
(150,0,'战败审批','1','crm_task_business_type',NULL,NULL,'N','0','superadmin','2023-01-14 15:52:11','',NULL,NULL),
(151,10,'意向客户级别调整','2','crm_task_business_type',NULL,NULL,'N','0','superadmin','2023-01-14 15:52:14','',NULL,NULL),
(152,1,'所有数据权限','1','sys_role_dataScope',NULL,'default','N','0','superadmin','2023-01-16 16:09:28','superadmin','2023-01-16 16:09:41',NULL),
(153,2,'自定义数据权限','2','sys_role_dataScope',NULL,'default','N','0','superadmin','2023-01-16 16:09:36','',NULL,NULL),
(154,3,'本部门数据权限','3','sys_role_dataScope',NULL,'default','N','0','superadmin','2023-01-16 16:09:51','',NULL,NULL),
(155,4,'本部门及以下数据权限','4','sys_role_dataScope',NULL,'default','N','0','superadmin','2023-01-16 16:09:59','',NULL,NULL),
(156,5,'仅本人数据权限','5','sys_role_dataScope',NULL,'default','N','0','superadmin','2023-01-16 16:10:07','',NULL,NULL),
(157,0,'已审批','1','sys_message_approval',NULL,'default','N','0','admin','2023-02-02 16:33:31','',NULL,NULL),
(158,1,'未审批','2','sys_message_approval',NULL,'default','N','0','admin','2023-02-02 16:34:09','',NULL,NULL),
(159,2,'已驳回','3','sys_message_approval',NULL,'default','N','0','admin','2023-02-02 16:34:34','',NULL,NULL),
(160,3,'不需要审批','4','sys_message_approval',NULL,'default','N','0','admin','2023-02-02 16:35:00','',NULL,NULL),
(161,1,'战败线索','ZHAN_BAI_XIAN_SUO','crm_customer_stage',NULL,NULL,'N','0','admin','2023-01-09 11:12:00','',NULL,NULL);

/*Table structure for table `sys_dict_type` */

DROP TABLE IF EXISTS `sys_dict_type`;

CREATE TABLE `sys_dict_type` (
  `dict_id` bigint NOT NULL AUTO_INCREMENT COMMENT '字典主键',
  `dict_name` varchar(100) DEFAULT '' COMMENT '字典名称',
  `dict_type` varchar(100) DEFAULT '' COMMENT '字典类型',
  `status` char(1) DEFAULT '0' COMMENT '状态（0正常 1停用）',
  `create_by` varchar(64) DEFAULT '' COMMENT '创建者',
  `create_time` datetime DEFAULT NULL COMMENT '创建时间',
  `update_by` varchar(64) DEFAULT '' COMMENT '更新者',
  `update_time` datetime DEFAULT NULL COMMENT '更新时间',
  `remark` varchar(500) DEFAULT NULL COMMENT '备注',
  PRIMARY KEY (`dict_id`),
  UNIQUE KEY `dict_type` (`dict_type`)
) ENGINE=InnoDB AUTO_INCREMENT=122 DEFAULT CHARSET=utf8mb4 COLLATE=utf8mb4_0900_ai_ci COMMENT='字典类型表';

/*Data for the table `sys_dict_type` */

insert  into `sys_dict_type`(`dict_id`,`dict_name`,`dict_type`,`status`,`create_by`,`create_time`,`update_by`,`update_time`,`remark`) values 
(1,'用户性别','sys_user_sex','0','admin','2022-12-27 17:50:23','',NULL,'用户性别列表'),
(2,'菜单状态','sys_show_hide','0','admin','2022-12-27 17:50:23','',NULL,'菜单状态列表'),
(3,'系统开关','sys_normal_disable','0','admin','2022-12-27 17:50:23','',NULL,'系统开关列表'),
(4,'任务状态','sys_job_status','0','admin','2022-12-27 17:50:23','',NULL,'任务状态列表'),
(5,'任务分组','sys_job_group','0','admin','2022-12-27 17:50:23','',NULL,'任务分组列表'),
(6,'系统是否','sys_yes_no','0','admin','2022-12-27 17:50:23','',NULL,'系统是否列表'),
(7,'通知类型','sys_notice_type','0','admin','2022-12-27 17:50:23','',NULL,'通知类型列表'),
(8,'通知状态','sys_notice_status','0','admin','2022-12-27 17:50:23','',NULL,'通知状态列表'),
(9,'操作类型','sys_oper_type','0','admin','2022-12-27 17:50:23','',NULL,'操作类型列表'),
(10,'系统状态','sys_common_status','0','admin','2022-12-27 17:50:23','',NULL,'登录状态列表'),
(100,'意向级别','crm_customer_level','0','admin','2023-01-09 10:39:18','',NULL,NULL),
(101,'客户来源','crm_customer_source','0','admin','2023-01-09 10:47:16','',NULL,NULL),
(102,'业务类型','crm_customer_businessType','0','admin','2023-01-09 10:56:25','',NULL,NULL),
(103,'线索阶段','crm_customer_stage','0','admin','2023-01-09 11:11:37','',NULL,NULL),
(104,'线索状态','crm_customer_status','0','admin','2023-01-09 11:14:06','',NULL,NULL),
(105,'客户证件类型','crm_customer_cert','0','admin','2023-01-09 16:36:59','',NULL,NULL),
(106,'跟进方式','crm_customer_followtype','0','admin','2023-01-09 16:55:43','',NULL,NULL),
(107,'消息类型','crm_message_type','0','admin','2023-01-10 09:28:24','',NULL,'消息中心消息类型'),
(108,'战败原因','crm_customer_failure','0','admin','2023-01-11 10:39:13','',NULL,NULL),
(109,'来访目的','crm_customer_visitpurpose','0','admin','2023-01-11 15:53:53','',NULL,NULL),
(110,'来访类别','crm_customer_visittype','0','admin','2023-01-11 15:56:33','superadmin','2023-01-11 15:56:42',NULL),
(111,'试驾类型','crm_customer_trialruntype','0','admin','2023-01-12 10:01:09','',NULL,NULL),
(112,'试驾状态','crm_customer_trialrunstatus','0','admin','2023-01-12 10:02:55','',NULL,NULL),
(113,'证件类型','sys_document_type','0','admin','2023-01-12 17:15:56','',NULL,'证件类型'),
(114,'客户性质','crm_customer_nature','0','admin','2023-01-13 10:15:35','',NULL,NULL),
(115,'购车类型','crm_customer_purchaseType','0','admin','2023-01-13 10:15:35','',NULL,NULL),
(117,'线索导入类型','crm_customer_importType','0','admin','2023-01-13 10:15:35','',NULL,NULL),
(118,'任务类型','crm_task_type','0','admin','2023-01-14 15:45:55','',NULL,NULL),
(119,'任务业务类型','crm_task_business_type','0','admin','2023-01-14 15:50:00','',NULL,NULL),
(120,'数据权限范围','sys_role_dataScope','0','admin','2023-01-14 15:50:00','',NULL,NULL),
(121,'审批状态','sys_message_approval','0','admin','2023-02-02 16:32:51','',NULL,NULL);

/*Table structure for table `sys_dingtalk_dept` */

DROP TABLE IF EXISTS `sys_dingtalk_dept`;

CREATE TABLE `sys_dingtalk_dept` (
  `id` bigint NOT NULL AUTO_INCREMENT COMMENT 'ID',
  `dept_id` bigint DEFAULT NULL COMMENT '部门id',
  `name` varchar(64) CHARACTER SET utf8mb4 COLLATE utf8mb4_0900_ai_ci DEFAULT '' COMMENT '部门名称',
  `parent_id` bigint DEFAULT NULL COMMENT '父部门ID',
  `del_flag` char(1) CHARACTER SET utf8mb4 COLLATE utf8mb4_0900_ai_ci DEFAULT '0' COMMENT '删除标志（0代表存在 1代表删除）',
  `create_by` varchar(64) DEFAULT '' COMMENT '创建者',
  `create_time` datetime DEFAULT NULL COMMENT '创建时间',
  `update_by` varchar(64) DEFAULT '' COMMENT '更新者',
  `update_time` datetime DEFAULT NULL COMMENT '更新时间',
  `remark` varchar(500) DEFAULT '' COMMENT '备注',
  PRIMARY KEY (`id`)
) ENGINE=InnoDB DEFAULT CHARSET=utf8mb4 COLLATE=utf8mb4_0900_ai_ci COMMENT='钉钉部门';

/*Data for the table `sys_dingtalk_dept` */

/*Table structure for table `sys_dingtalk_role` */

DROP TABLE IF EXISTS `sys_dingtalk_role`;

CREATE TABLE `sys_dingtalk_role` (
  `id` bigint NOT NULL AUTO_INCREMENT COMMENT 'ID',
  `group_id` bigint DEFAULT NULL COMMENT '角色组id',
  `group_name` varchar(64) CHARACTER SET utf8mb4 COLLATE utf8mb4_0900_ai_ci DEFAULT '' COMMENT '角色组名称',
  `role_id` bigint DEFAULT NULL COMMENT '角色id',
  `name` varchar(64) DEFAULT NULL COMMENT '角色名',
  `del_flag` char(1) CHARACTER SET utf8mb4 COLLATE utf8mb4_0900_ai_ci DEFAULT '0' COMMENT '删除标志（0代表存在 1代表删除）',
  `create_by` varchar(64) DEFAULT '' COMMENT '创建者',
  `create_time` datetime DEFAULT NULL COMMENT '创建时间',
  `update_by` varchar(64) DEFAULT '' COMMENT '更新者',
  `update_time` datetime DEFAULT NULL COMMENT '更新时间',
  `remark` varchar(500) DEFAULT '' COMMENT '备注',
  PRIMARY KEY (`id`)
) ENGINE=InnoDB DEFAULT CHARSET=utf8mb4 COLLATE=utf8mb4_0900_ai_ci COMMENT='钉钉角色';

/*Data for the table `sys_dingtalk_role` */

/*Table structure for table `sys_dingtalk_user` */

DROP TABLE IF EXISTS `sys_dingtalk_user`;

CREATE TABLE `sys_dingtalk_user` (
  `id` bigint NOT NULL AUTO_INCREMENT COMMENT 'ID',
  `userid` varchar(64) CHARACTER SET utf8mb4 COLLATE utf8mb4_0900_ai_ci DEFAULT '' COMMENT '用户id',
  `unionid` varchar(64) CHARACTER SET utf8mb4 COLLATE utf8mb4_0900_ai_ci DEFAULT '' COMMENT 'unionid',
  `state_code` varchar(64) DEFAULT '',
  `name` varchar(64) CHARACTER SET utf8mb4 COLLATE utf8mb4_0900_ai_ci DEFAULT '' COMMENT '名称',
  `avatar` varchar(100) CHARACTER SET utf8mb4 COLLATE utf8mb4_0900_ai_ci DEFAULT '' COMMENT '头像',
  `dept_id_list` json DEFAULT NULL COMMENT '部门列表',
  `dept_order_list` json DEFAULT NULL COMMENT '角色id',
  `extension` varchar(500) DEFAULT '' COMMENT '其他信息',
  `leader_in_dept` json DEFAULT NULL COMMENT '角色名',
  `title` varchar(64) DEFAULT '' COMMENT 'title',
  `mobile` varchar(64) CHARACTER SET utf8mb4 COLLATE utf8mb4_0900_ai_ci DEFAULT '' COMMENT '删除标志（0代表存在 1代表删除）',
  `job_number` varchar(64) DEFAULT '' COMMENT '员工工号',
  `email` varchar(64) DEFAULT '' COMMENT '邮箱',
  `role_list` json DEFAULT NULL COMMENT '角色',
  `work_place` varchar(64) DEFAULT '' COMMENT '工作地点',
  `org_email` varchar(64) DEFAULT '' COMMENT '员工的企业邮箱',
  `manager_userid` varchar(64) DEFAULT '' COMMENT '员工的直属主管',
  `create_by` varchar(64) DEFAULT '' COMMENT '创建者',
  `create_time` datetime DEFAULT NULL COMMENT '创建时间',
  `update_by` varchar(64) DEFAULT '' COMMENT '更新者',
  `update_time` datetime DEFAULT NULL COMMENT '更新时间',
  `remark` varchar(500) DEFAULT '' COMMENT '备注',
  PRIMARY KEY (`id`)
) ENGINE=InnoDB DEFAULT CHARSET=utf8mb4 COLLATE=utf8mb4_0900_ai_ci COMMENT='钉钉用户';

/*Data for the table `sys_dingtalk_user` */

/*Table structure for table `sys_feishu_dept` */

DROP TABLE IF EXISTS `sys_feishu_dept`;

CREATE TABLE `sys_feishu_dept` (
  `id` bigint NOT NULL AUTO_INCREMENT COMMENT 'ID',
  `name` varchar(64) CHARACTER SET utf8mb4 COLLATE utf8mb4_0900_ai_ci DEFAULT '' COMMENT '部门名称',
  `department_id` varchar(64) DEFAULT '' COMMENT '部门id',
  `parent_department_id` varchar(64) DEFAULT '' COMMENT '父部门ID',
  `open_department_id` varchar(64) DEFAULT '' COMMENT '部门的open_id',
  `leader_user_id` varchar(64) DEFAULT '' COMMENT '部门主管用户ID',
  `member_count` int DEFAULT NULL COMMENT '部门下用户的个数',
  `del_flag` char(1) CHARACTER SET utf8mb4 COLLATE utf8mb4_0900_ai_ci DEFAULT '0' COMMENT '删除标志（0代表存在 1代表删除）',
  `create_by` varchar(64) DEFAULT '' COMMENT '创建者',
  `create_time` datetime DEFAULT NULL COMMENT '创建时间',
  `update_by` varchar(64) DEFAULT '' COMMENT '更新者',
  `update_time` datetime DEFAULT NULL COMMENT '更新时间',
  `remark` varchar(500) DEFAULT '' COMMENT '备注',
  PRIMARY KEY (`id`)
) ENGINE=InnoDB DEFAULT CHARSET=utf8mb4 COLLATE=utf8mb4_0900_ai_ci COMMENT='飞书部门表';

/*Data for the table `sys_feishu_dept` */

/*Table structure for table `sys_feishu_user` */

DROP TABLE IF EXISTS `sys_feishu_user`;

CREATE TABLE `sys_feishu_user` (
  `id` bigint NOT NULL DEFAULT '0' COMMENT 'ID',
  `user_id` varchar(64) CHARACTER SET utf8mb4 COLLATE utf8mb4_0900_ai_ci DEFAULT '' COMMENT '用户id',
  `union_id` varchar(64) CHARACTER SET utf8mb4 COLLATE utf8mb4_0900_ai_ci DEFAULT '' COMMENT 'unionid',
  `open_id` varchar(64) CHARACTER SET utf8mb4 COLLATE utf8mb4_0900_ai_ci DEFAULT '' COMMENT 'open_id',
  `name` varchar(64) CHARACTER SET utf8mb4 COLLATE utf8mb4_0900_ai_ci DEFAULT '' COMMENT '名称',
  `avatar` varchar(500) CHARACTER SET utf8mb4 COLLATE utf8mb4_0900_ai_ci DEFAULT '' COMMENT '头像',
  `nickname` varchar(64) DEFAULT '' COMMENT '昵称',
  `email` varchar(64) DEFAULT '' COMMENT '邮箱',
  `mobile` varchar(500) CHARACTER SET utf8mb4 COLLATE utf8mb4_0900_ai_ci DEFAULT '' COMMENT '手机号码',
  `gender` int DEFAULT NULL COMMENT '性别',
  `department_ids` json DEFAULT NULL COMMENT '所属部门',
  `leader_user_id` varchar(64) CHARACTER SET utf8mb4 COLLATE utf8mb4_0900_ai_ci DEFAULT '' COMMENT '直属主管',
  `city` varchar(64) CHARACTER SET utf8mb4 COLLATE utf8mb4_0900_ai_ci DEFAULT '' COMMENT '城市',
  `country` varchar(64) CHARACTER SET utf8mb4 COLLATE utf8mb4_0900_ai_ci DEFAULT '' COMMENT '国家',
  `work_station` varchar(64) DEFAULT '' COMMENT '工位',
  `join_time` int DEFAULT NULL COMMENT '入职时间',
  `is_tenant_manager` tinyint(1) DEFAULT NULL COMMENT '是否管理员',
  `employee_no` varchar(64) CHARACTER SET utf8mb4 COLLATE utf8mb4_0900_ai_ci DEFAULT '' COMMENT '工号',
  `job_title` varchar(64) DEFAULT '' COMMENT '角色',
  `create_by` varchar(64) DEFAULT '' COMMENT '创建者',
  `create_time` datetime DEFAULT NULL COMMENT '创建时间',
  `update_by` varchar(64) DEFAULT '' COMMENT '更新者',
  `update_time` datetime DEFAULT NULL COMMENT '更新时间',
  `remark` varchar(500) DEFAULT '' COMMENT '备注'
) ENGINE=InnoDB DEFAULT CHARSET=utf8mb4 COLLATE=utf8mb4_0900_ai_ci COMMENT='飞书用户表';

/*Data for the table `sys_feishu_user` */

/*Table structure for table `sys_filiale` */

DROP TABLE IF EXISTS `sys_filiale`;

CREATE TABLE `sys_filiale` (
  `id` bigint NOT NULL AUTO_INCREMENT COMMENT '数据序列ID',
  `city_code` int NOT NULL COMMENT '城市划分代码',
  `city_name` varchar(64) NOT NULL COMMENT '所在城市',
  `filiale_id` bigint NOT NULL COMMENT '分公司id',
  `company_id` varchar(64) NOT NULL COMMENT '公司id',
  `company_name` varchar(64) NOT NULL COMMENT '公司名称',
  `filiale_name` varchar(64) NOT NULL COMMENT '分公司名称',
  `filiale_address` varchar(128) CHARACTER SET utf8mb4 COLLATE utf8mb4_0900_ai_ci NOT NULL COMMENT '分公司地址',
  `general_manager` varchar(64) NOT NULL COMMENT '负责人（总经理）',
  `filiale_phone` varchar(64) NOT NULL COMMENT '分公司电话',
  `filiale_reg_time` datetime DEFAULT NULL COMMENT '分公司注册时间',
  `filiale_staff_num` varchar(64) DEFAULT NULL COMMENT '分公司人数',
  `filiale_identifier` varchar(64) CHARACTER SET utf8mb4 COLLATE utf8mb4_0900_ai_ci NOT NULL COMMENT '分公司社会信用代码',
  `filiale_open_bank` varchar(128) NOT NULL COMMENT '分公司开户行',
  `filiale_account_name` varchar(64) CHARACTER SET utf8mb4 COLLATE utf8mb4_0900_ai_ci DEFAULT NULL COMMENT '分公司公户名称',
  `filiale_account_num` varchar(128) NOT NULL COMMENT '分公司开户号',
  `create_time` datetime NOT NULL COMMENT '创建时间',
  `create_by` varchar(64) CHARACTER SET utf8mb4 COLLATE utf8mb4_0900_ai_ci NOT NULL COMMENT '创建人',
  `update_by` varchar(64) DEFAULT NULL COMMENT '更新者',
  `update_time` datetime DEFAULT NULL COMMENT '更新时间',
  `del_flag` char(1) CHARACTER SET utf8mb4 COLLATE utf8mb4_0900_ai_ci NOT NULL DEFAULT '0' COMMENT '0有效 1删除',
  `remark` varchar(256) DEFAULT NULL COMMENT '备注',
  `city_code_list` json DEFAULT NULL COMMENT '省市code',
  PRIMARY KEY (`id`)
) ENGINE=InnoDB AUTO_INCREMENT=1614906168366166022 DEFAULT CHARSET=utf8mb4 COLLATE=utf8mb4_0900_ai_ci COMMENT='分公司管理';

/*Data for the table `sys_filiale` */

insert  into `sys_filiale`(`id`,`city_code`,`city_name`,`filiale_id`,`company_id`,`company_name`,`filiale_name`,`filiale_address`,`general_manager`,`filiale_phone`,`filiale_reg_time`,`filiale_staff_num`,`filiale_identifier`,`filiale_open_bank`,`filiale_account_name`,`filiale_account_num`,`create_time`,`create_by`,`update_by`,`update_time`,`del_flag`,`remark`,`city_code_list`) values 
(1614906168366166020,120000,'天津市',465599217369645,'51','蔚蓝出行','1','222','3','CtMStOxbwUBxfNBx3oASjg==',NULL,NULL,'5','7',NULL,'67','2023-02-06 17:47:54','gao','张晓莹','2023-02-20 10:32:57','1',NULL,'[120000, 120000]'),
(1614906168366166021,110000,'北京市',906407548252998,'54','测试公司','测试分公司','西安市高新区','张三','XkXorDEAS2UyZSXuO1Pi1w==',NULL,NULL,'710000','中国农业银行股份有限公司莱芜莱城支行',NULL,'15670101040038569','2023-02-07 10:06:53','hao',NULL,NULL,'0',NULL,'[110000, 110000]');

/*Table structure for table `sys_job` */

DROP TABLE IF EXISTS `sys_job`;

CREATE TABLE `sys_job` (
  `job_id` bigint NOT NULL AUTO_INCREMENT COMMENT '任务ID',
  `job_name` varchar(64) NOT NULL DEFAULT '' COMMENT '任务名称',
  `job_group` varchar(64) NOT NULL DEFAULT 'DEFAULT' COMMENT '任务组名',
  `invoke_target` varchar(500) NOT NULL COMMENT '调用目标字符串',
  `cron_expression` varchar(255) DEFAULT '' COMMENT 'cron执行表达式',
  `misfire_policy` varchar(20) DEFAULT '3' COMMENT '计划执行错误策略（1立即执行 2执行一次 3放弃执行）',
  `concurrent` char(1) DEFAULT '1' COMMENT '是否并发执行（0允许 1禁止）',
  `status` char(1) DEFAULT '0' COMMENT '状态（0正常 1暂停）',
  `create_by` varchar(64) DEFAULT '' COMMENT '创建者',
  `create_time` datetime DEFAULT NULL COMMENT '创建时间',
  `update_by` varchar(64) DEFAULT '' COMMENT '更新者',
  `update_time` datetime DEFAULT NULL COMMENT '更新时间',
  `remark` varchar(500) DEFAULT '' COMMENT '备注信息',
  PRIMARY KEY (`job_id`,`job_name`,`job_group`)
) ENGINE=InnoDB AUTO_INCREMENT=100 DEFAULT CHARSET=utf8mb4 COLLATE=utf8mb4_0900_ai_ci COMMENT='定时任务调度表';

/*Data for the table `sys_job` */

insert  into `sys_job`(`job_id`,`job_name`,`job_group`,`invoke_target`,`cron_expression`,`misfire_policy`,`concurrent`,`status`,`create_by`,`create_time`,`update_by`,`update_time`,`remark`) values 
(1,'系统默认（无参）','DEFAULT','ryTask.ryNoParams','0/10 * * * * ?','3','1','1','admin','2022-12-27 17:50:30','',NULL,''),
(2,'系统默认（有参）','DEFAULT','ryTask.ryParams(\'ry\')','0/15 * * * * ?','3','1','1','admin','2022-12-27 17:50:30','',NULL,''),
(3,'系统默认（多参）','DEFAULT','ryTask.ryMultipleParams(\'ry\', true, 2000L, 316.50D, 100)','0/20 * * * * ?','3','1','1','admin','2022-12-27 17:50:30','',NULL,'');

/*Table structure for table `sys_job_log` */

DROP TABLE IF EXISTS `sys_job_log`;

CREATE TABLE `sys_job_log` (
  `job_log_id` bigint NOT NULL AUTO_INCREMENT COMMENT '任务日志ID',
  `job_name` varchar(64) NOT NULL COMMENT '任务名称',
  `job_group` varchar(64) NOT NULL COMMENT '任务组名',
  `invoke_target` varchar(500) NOT NULL COMMENT '调用目标字符串',
  `job_message` varchar(500) DEFAULT NULL COMMENT '日志信息',
  `status` char(1) DEFAULT '0' COMMENT '执行状态（0正常 1失败）',
  `exception_info` varchar(2000) DEFAULT '' COMMENT '异常信息',
  `create_time` datetime DEFAULT NULL COMMENT '创建时间',
  PRIMARY KEY (`job_log_id`)
) ENGINE=InnoDB DEFAULT CHARSET=utf8mb4 COLLATE=utf8mb4_0900_ai_ci COMMENT='定时任务调度日志表';

/*Data for the table `sys_job_log` */

/*Table structure for table `sys_logininfor` */

DROP TABLE IF EXISTS `sys_logininfor`;

CREATE TABLE `sys_logininfor` (
  `info_id` bigint NOT NULL AUTO_INCREMENT COMMENT '访问ID',
  `user_name` varchar(50) DEFAULT '' COMMENT '用户账号',
  `ipaddr` varchar(128) DEFAULT '' COMMENT '登录IP地址',
  `login_location` varchar(255) DEFAULT '' COMMENT '登录地点',
  `browser` varchar(50) DEFAULT '' COMMENT '浏览器类型',
  `os` varchar(50) DEFAULT '' COMMENT '操作系统',
  `status` char(1) DEFAULT '0' COMMENT '登录状态（0成功 1失败）',
  `msg` varchar(255) DEFAULT '' COMMENT '提示消息',
  `login_time` datetime DEFAULT NULL COMMENT '访问时间',
  PRIMARY KEY (`info_id`)
) ENGINE=InnoDB DEFAULT CHARSET=utf8mb4 COLLATE=utf8mb4_0900_ai_ci COMMENT='系统访问记录';

/*Data for the table `sys_logininfor` */

/*Table structure for table `sys_menu` */

DROP TABLE IF EXISTS `sys_menu`;

CREATE TABLE `sys_menu` (
  `menu_id` bigint NOT NULL AUTO_INCREMENT COMMENT '菜单ID',
  `menu_name` varchar(50) NOT NULL COMMENT '菜单名称',
  `parent_id` bigint DEFAULT '0' COMMENT '父菜单ID',
  `order_num` int DEFAULT '0' COMMENT '显示顺序',
  `path` varchar(200) DEFAULT '' COMMENT '路由地址',
  `component` varchar(255) DEFAULT NULL COMMENT '组件路径',
  `query` varchar(255) DEFAULT NULL COMMENT '路由参数',
  `is_frame` int DEFAULT '1' COMMENT '是否为外链（0是 1否）',
  `is_cache` int DEFAULT '0' COMMENT '是否缓存（0缓存 1不缓存）',
  `menu_type` char(1) DEFAULT '' COMMENT '菜单类型（M目录 C菜单 F按钮）',
  `visible` char(1) DEFAULT '0' COMMENT '菜单状态（0显示 1隐藏）',
  `status` char(1) DEFAULT '0' COMMENT '菜单状态（0正常 1停用）',
  `perms` varchar(100) DEFAULT NULL COMMENT '权限标识',
  `icon` varchar(100) DEFAULT '#' COMMENT '菜单图标',
  `create_by` varchar(64) DEFAULT '' COMMENT '创建者',
  `create_time` datetime DEFAULT NULL COMMENT '创建时间',
  `update_by` varchar(64) DEFAULT '' COMMENT '更新者',
  `update_time` datetime DEFAULT NULL COMMENT '更新时间',
  `remark` varchar(500) DEFAULT '' COMMENT '备注',
  PRIMARY KEY (`menu_id`)
) ENGINE=InnoDB AUTO_INCREMENT=2086 DEFAULT CHARSET=utf8mb4 COLLATE=utf8mb4_0900_ai_ci COMMENT='菜单权限表';

/*Data for the table `sys_menu` */

insert  into `sys_menu`(`menu_id`,`menu_name`,`parent_id`,`order_num`,`path`,`component`,`query`,`is_frame`,`is_cache`,`menu_type`,`visible`,`status`,`perms`,`icon`,`create_by`,`create_time`,`update_by`,`update_time`,`remark`) values 
(1,'系统管理1',0,1,'system',NULL,'',1,0,'M','0','0','','system','admin','2022-12-27 17:50:11','superadmin','2023-01-16 17:20:03','系统管理目录'),
(2,'系统监控',0,2,'monitor',NULL,'',1,0,'M','0','0','','monitor','admin','2022-12-27 17:50:11','',NULL,'系统监控目录'),
(3,'系统工具',0,3,'tool',NULL,'',1,0,'M','0','0','','tool','admin','2022-12-27 17:50:11','',NULL,'系统工具目录'),
(4,'若依官网',0,4,'http://ruoyi.vip',NULL,'',0,0,'M','0','0','','guide','admin','2022-12-27 17:50:11','',NULL,'若依官网地址'),
(100,'用户管理',1,1,'user','system/user/index','',1,0,'C','0','0','system:user:list','user','admin','2022-12-27 17:50:11','',NULL,'用户管理菜单'),
(101,'角色管理',1,2,'role','system/role/index','',1,0,'C','0','0','system:role:list','peoples','admin','2022-12-27 17:50:11','',NULL,'角色管理菜单'),
(102,'菜单管理',1,3,'menu','system/menu/index','',1,0,'C','0','0','system:menu:list','tree-table','admin','2022-12-27 17:50:11','',NULL,'菜单管理菜单'),
(103,'部门管理',1,4,'dept','system/dept/index','',1,0,'C','0','0','system:dept:list','tree','admin','2022-12-27 17:50:11','',NULL,'部门管理菜单'),
(104,'岗位管理',1,5,'post','system/post/index','',1,0,'C','0','0','system:post:list','post','admin','2022-12-27 17:50:11','',NULL,'岗位管理菜单'),
(105,'字典管理',1,6,'dict','system/dict/index','',1,0,'C','0','0','system:dict:list','dict','admin','2022-12-27 17:50:11','',NULL,'字典管理菜单'),
(106,'参数设置',1,7,'config','system/config/index','',1,0,'C','0','0','system:config:list','edit','admin','2022-12-27 17:50:11','',NULL,'参数设置菜单'),
(107,'通知公告',1,8,'notice','system/notice/index','',1,0,'C','0','0','system:notice:list','message','admin','2022-12-27 17:50:11','',NULL,'通知公告菜单'),
(108,'日志管理',1,9,'log','','',1,0,'M','0','0','','log','admin','2022-12-27 17:50:11','',NULL,'日志管理菜单'),
(109,'在线用户',2,1,'online','monitor/online/index','',1,0,'C','0','0','monitor:online:list','online','admin','2022-12-27 17:50:11','',NULL,'在线用户菜单'),
(110,'定时任务',2,2,'job','monitor/job/index','',1,0,'C','0','0','monitor:job:list','job','admin','2022-12-27 17:50:11','',NULL,'定时任务菜单'),
(111,'数据监控',2,3,'druid','monitor/druid/index','',1,0,'C','0','0','monitor:druid:list','druid','admin','2022-12-27 17:50:11','',NULL,'数据监控菜单'),
(112,'服务监控',2,4,'server','monitor/server/index','',1,0,'C','0','0','monitor:server:list','server','admin','2022-12-27 17:50:11','',NULL,'服务监控菜单'),
(113,'缓存监控',2,5,'cache','monitor/cache/index','',1,0,'C','0','0','monitor:cache:list','redis','admin','2022-12-27 17:50:11','',NULL,'缓存监控菜单'),
(114,'缓存列表',2,6,'cacheList','monitor/cache/list','',1,0,'C','0','0','monitor:cache:list','redis-list','admin','2022-12-27 17:50:11','',NULL,'缓存列表菜单'),
(115,'表单构建',3,1,'build','tool/build/index','',1,0,'C','0','0','tool:build:list','build','admin','2022-12-27 17:50:11','',NULL,'表单构建菜单'),
(116,'代码生成',3,2,'gen','tool/gen/index','',1,0,'C','0','0','tool:gen:list','code','admin','2022-12-27 17:50:11','',NULL,'代码生成菜单'),
(117,'系统接口',3,3,'swagger','tool/swagger/index','',1,0,'C','0','0','tool:swagger:list','swagger','admin','2022-12-27 17:50:11','',NULL,'系统接口菜单'),
(500,'操作日志',108,1,'operlog','monitor/operlog/index','',1,0,'C','0','0','monitor:operlog:list','form','admin','2022-12-27 17:50:11','',NULL,'操作日志菜单'),
(501,'登录日志',108,2,'logininfor','monitor/logininfor/index','',1,0,'C','0','0','monitor:logininfor:list','logininfor','admin','2022-12-27 17:50:11','',NULL,'登录日志菜单'),
(1000,'用户查询',100,1,'','','',1,0,'F','0','0','system:user:query','#','admin','2022-12-27 17:50:11','',NULL,''),
(1001,'用户新增',100,2,'','','',1,0,'F','0','0','system:user:add','#','admin','2022-12-27 17:50:11','',NULL,''),
(1002,'用户修改',100,3,'','','',1,0,'F','0','0','system:user:edit','#','admin','2022-12-27 17:50:11','',NULL,''),
(1003,'用户删除',100,4,'','','',1,0,'F','0','0','system:user:remove','#','admin','2022-12-27 17:50:11','',NULL,''),
(1004,'用户导出',100,5,'','','',1,0,'F','0','0','system:user:export','#','admin','2022-12-27 17:50:11','',NULL,''),
(1005,'用户导入',100,6,'','','',1,0,'F','0','0','system:user:import','#','admin','2022-12-27 17:50:11','',NULL,''),
(1006,'重置密码',100,7,'','','',1,0,'F','0','0','system:user:resetPwd','#','admin','2022-12-27 17:50:11','',NULL,''),
(1007,'角色查询',101,1,'','','',1,0,'F','0','0','system:role:query','#','admin','2022-12-27 17:50:11','',NULL,''),
(1008,'角色新增',101,2,'','','',1,0,'F','0','0','system:role:add','#','admin','2022-12-27 17:50:11','',NULL,''),
(1009,'角色修改',101,3,'','','',1,0,'F','0','0','system:role:edit','#','admin','2022-12-27 17:50:11','',NULL,''),
(1010,'角色删除',101,4,'','','',1,0,'F','0','0','system:role:remove','#','admin','2022-12-27 17:50:11','',NULL,''),
(1011,'角色导出',101,5,'','','',1,0,'F','0','0','system:role:export','#','admin','2022-12-27 17:50:11','',NULL,''),
(1012,'菜单查询',102,1,'','','',1,0,'F','0','0','system:menu:query','#','admin','2022-12-27 17:50:11','',NULL,''),
(1013,'菜单新增',102,2,'','','',1,0,'F','0','0','system:menu:add','#','admin','2022-12-27 17:50:11','',NULL,''),
(1014,'菜单修改',102,3,'','','',1,0,'F','0','0','system:menu:edit','#','admin','2022-12-27 17:50:11','',NULL,''),
(1015,'菜单删除',102,4,'','','',1,0,'F','0','0','system:menu:remove','#','admin','2022-12-27 17:50:11','',NULL,''),
(1016,'部门查询',103,1,'','','',1,0,'F','0','0','system:dept:query','#','admin','2022-12-27 17:50:11','',NULL,''),
(1017,'部门新增',103,2,'','','',1,0,'F','0','0','system:dept:add','#','admin','2022-12-27 17:50:11','',NULL,''),
(1018,'部门修改',103,3,'','','',1,0,'F','0','0','system:dept:edit','#','admin','2022-12-27 17:50:11','',NULL,''),
(1019,'部门删除',103,4,'','','',1,0,'F','0','0','system:dept:remove','#','admin','2022-12-27 17:50:11','',NULL,''),
(1020,'岗位查询',104,1,'','','',1,0,'F','0','0','system:post:query','#','admin','2022-12-27 17:50:11','',NULL,''),
(1021,'岗位新增',104,2,'','','',1,0,'F','0','0','system:post:add','#','admin','2022-12-27 17:50:11','',NULL,''),
(1022,'岗位修改',104,3,'','','',1,0,'F','0','0','system:post:edit','#','admin','2022-12-27 17:50:12','',NULL,''),
(1023,'岗位删除',104,4,'','','',1,0,'F','0','0','system:post:remove','#','admin','2022-12-27 17:50:12','',NULL,''),
(1024,'岗位导出',104,5,'','','',1,0,'F','0','0','system:post:export','#','admin','2022-12-27 17:50:12','',NULL,''),
(1025,'字典查询',105,1,'#','','',1,0,'F','0','0','system:dict:query','#','admin','2022-12-27 17:50:12','',NULL,''),
(1026,'字典新增',105,2,'#','','',1,0,'F','0','0','system:dict:add','#','admin','2022-12-27 17:50:12','',NULL,''),
(1027,'字典修改',105,3,'#','','',1,0,'F','0','0','system:dict:edit','#','admin','2022-12-27 17:50:12','',NULL,''),
(1028,'字典删除',105,4,'#','','',1,0,'F','0','0','system:dict:remove','#','admin','2022-12-27 17:50:12','',NULL,''),
(1029,'字典导出',105,5,'#','','',1,0,'F','0','0','system:dict:export','#','admin','2022-12-27 17:50:12','',NULL,''),
(1030,'参数查询',106,1,'#','','',1,0,'F','0','0','system:config:query','#','admin','2022-12-27 17:50:12','',NULL,''),
(1031,'参数新增',106,2,'#','','',1,0,'F','0','0','system:config:add','#','admin','2022-12-27 17:50:12','',NULL,''),
(1032,'参数修改',106,3,'#','','',1,0,'F','0','0','system:config:edit','#','admin','2022-12-27 17:50:12','',NULL,''),
(1033,'参数删除',106,4,'#','','',1,0,'F','0','0','system:config:remove','#','admin','2022-12-27 17:50:12','',NULL,''),
(1034,'参数导出',106,5,'#','','',1,0,'F','0','0','system:config:export','#','admin','2022-12-27 17:50:12','',NULL,''),
(1035,'公告查询',107,1,'#','','',1,0,'F','0','0','system:notice:query','#','admin','2022-12-27 17:50:12','',NULL,''),
(1036,'公告新增',107,2,'#','','',1,0,'F','0','0','system:notice:add','#','admin','2022-12-27 17:50:12','',NULL,''),
(1037,'公告修改',107,3,'#','','',1,0,'F','0','0','system:notice:edit','#','admin','2022-12-27 17:50:12','',NULL,''),
(1038,'公告删除',107,4,'#','','',1,0,'F','0','0','system:notice:remove','#','admin','2022-12-27 17:50:12','',NULL,''),
(1039,'操作查询',500,1,'#','','',1,0,'F','0','0','monitor:operlog:query','#','admin','2022-12-27 17:50:12','',NULL,''),
(1040,'操作删除',500,2,'#','','',1,0,'F','0','0','monitor:operlog:remove','#','admin','2022-12-27 17:50:12','',NULL,''),
(1041,'日志导出',500,3,'#','','',1,0,'F','0','0','monitor:operlog:export','#','admin','2022-12-27 17:50:12','',NULL,''),
(1042,'登录查询',501,1,'#','','',1,0,'F','0','0','monitor:logininfor:query','#','admin','2022-12-27 17:50:12','',NULL,''),
(1043,'登录删除',501,2,'#','','',1,0,'F','0','0','monitor:logininfor:remove','#','admin','2022-12-27 17:50:12','',NULL,''),
(1044,'日志导出',501,3,'#','','',1,0,'F','0','0','monitor:logininfor:export','#','admin','2022-12-27 17:50:12','',NULL,''),
(1045,'账户解锁',501,4,'#','','',1,0,'F','0','0','monitor:logininfor:unlock','#','admin','2022-12-27 17:50:12','',NULL,''),
(1046,'在线查询',109,1,'#','','',1,0,'F','0','0','monitor:online:query','#','admin','2022-12-27 17:50:12','',NULL,''),
(1047,'批量强退',109,2,'#','','',1,0,'F','0','0','monitor:online:batchLogout','#','admin','2022-12-27 17:50:12','',NULL,''),
(1048,'单条强退',109,3,'#','','',1,0,'F','0','0','monitor:online:forceLogout','#','admin','2022-12-27 17:50:12','',NULL,''),
(1049,'任务查询',110,1,'#','','',1,0,'F','0','0','monitor:job:query','#','admin','2022-12-27 17:50:12','',NULL,''),
(1050,'任务新增',110,2,'#','','',1,0,'F','0','0','monitor:job:add','#','admin','2022-12-27 17:50:12','',NULL,''),
(1051,'任务修改',110,3,'#','','',1,0,'F','0','0','monitor:job:edit','#','admin','2022-12-27 17:50:12','',NULL,''),
(1052,'任务删除',110,4,'#','','',1,0,'F','0','0','monitor:job:remove','#','admin','2022-12-27 17:50:12','',NULL,''),
(1053,'状态修改',110,5,'#','','',1,0,'F','0','0','monitor:job:changeStatus','#','admin','2022-12-27 17:50:12','',NULL,''),
(1054,'任务导出',110,6,'#','','',1,0,'F','0','0','monitor:job:export','#','admin','2022-12-27 17:50:12','',NULL,''),
(1055,'生成查询',116,1,'#','','',1,0,'F','0','0','tool:gen:query','#','admin','2022-12-27 17:50:12','',NULL,''),
(1056,'生成修改',116,2,'#','','',1,0,'F','0','0','tool:gen:edit','#','admin','2022-12-27 17:50:12','',NULL,''),
(1057,'生成删除',116,3,'#','','',1,0,'F','0','0','tool:gen:remove','#','admin','2022-12-27 17:50:12','',NULL,''),
(1058,'导入代码',116,4,'#','','',1,0,'F','0','0','tool:gen:import','#','admin','2022-12-27 17:50:12','',NULL,''),
(1059,'预览代码',116,5,'#','','',1,0,'F','0','0','tool:gen:preview','#','admin','2022-12-27 17:50:12','',NULL,''),
(1060,'生成代码',116,6,'#','','',1,0,'F','0','0','tool:gen:code','#','admin','2022-12-27 17:50:12','',NULL,''),
(2000,'消息中心',0,5,'/news','news/index','',0,0,'C','1','0','','button','superadmin','2023-01-09 15:00:41','superadmin','2023-02-02 14:41:28',''),
(2001,'新增',2000,1,'',NULL,NULL,1,0,'F','0','0','sys:message:add','#','superadmin','2023-01-09 15:20:32','',NULL,''),
(2002,'潜客管理',0,1,'customer','',NULL,1,0,'M','0','0','','https://weilango.oss-cn-beijing.aliyuncs.com/icon/qianke.png','superadmin','2023-01-09 16:14:23','superadmin','2023-01-10 14:24:52',''),
(2003,'线索管理',2002,1,'/clue','potentialCustomers/clue/index',NULL,1,0,'C','0','0','','#','superadmin','2023-01-09 16:14:57','superadmin','2023-01-10 14:24:47',''),
(2004,'批量分配顾问',2003,1,'',NULL,NULL,1,0,'F','0','0','crm:customer:allotUser','#','superadmin','2023-01-09 16:15:31','',NULL,''),
(2005,'新增线索',2003,2,'',NULL,NULL,1,0,'F','0','0','crm:customer:add','#','superadmin','2023-01-09 16:16:01','',NULL,''),
(2006,'导出数据',2003,3,'',NULL,NULL,1,0,'F','0','0','crm:customer:export','#','superadmin','2023-01-09 16:16:34','',NULL,''),
(2007,'导入数据',2003,5,'',NULL,NULL,1,0,'F','0','0','crm:customer:import','#','superadmin','2023-01-09 16:16:58','',NULL,''),
(2008,'查看线索',2003,5,'',NULL,NULL,1,0,'F','0','0','crm:customer:query','#','superadmin','2023-01-09 17:07:26','',NULL,''),
(2009,'新增轨迹',2003,6,'',NULL,NULL,1,0,'F','0','0','crm:customer:track','#','superadmin','2023-01-09 17:34:19','',NULL,''),
(2010,'新增线索',2002,2,'/clue/clueInfo','potentialCustomers/clue/unassigned/form/index',NULL,1,0,'C','1','0','','#','superadmin','2023-01-10 10:22:08','superadmin','2023-02-02 11:38:30',''),
(2011,'轨迹详情',2002,3,'/clue/trajectoryDetail','potentialCustomers/clue/unassigned/trajectoryForm/index',NULL,1,0,'C','1','0','','#','superadmin','2023-01-10 10:22:45','superadmin','2023-01-10 10:27:57',''),
(2012,'轨迹管理',2002,4,'/clue/trajectoryInfo','potentialCustomers/clue/unassigned/trajectoryTable/index',NULL,1,0,'C','1','0','','#','superadmin','2023-01-10 10:23:08','superadmin','2023-01-10 10:28:03',''),
(2013,'线索信息',2002,5,'/clue/clueDetail','potentialCustomers/clue/unassigned/clueDetail/index',NULL,1,0,'C','1','0','','#','superadmin','2023-01-10 10:23:51','superadmin','2023-01-10 10:28:11',''),
(2014,'来店登记',2002,6,'/storeRegister','potentialCustomers/storeRegister/index',NULL,1,0,'C','0','0','','#','superadmin','2023-01-10 10:24:18','superadmin','2023-01-10 10:28:26',''),
(2015,'新增来店登记',2002,7,'/storeRegister/addStoreRegister','potentialCustomers/storeRegister/form/index',NULL,1,0,'C','1','0','','#','superadmin','2023-01-10 10:25:03','superadmin','2023-01-10 10:28:30',''),
(2016,'试乘试驾',2002,8,'/textDrive','potentialCustomers/textDrive/index',NULL,1,0,'C','0','0',NULL,'#','superadmin','2023-01-10 10:25:29','',NULL,''),
(2017,'战败审批',2002,9,'/defeatApproval','potentialCustomers/defeatApproval/index',NULL,1,0,'C','1','0','','#','superadmin','2023-01-10 10:26:03','superadmin','2023-02-02 14:37:19',''),
(2018,'意向客户级别审批',2002,10,'/intendedCustomers','potentialCustomers/intendedCustomers/index',NULL,1,0,'C','1','0','','#','superadmin','2023-01-10 10:26:30','superadmin','2023-02-02 14:37:24',''),
(2019,'战败池',2002,11,'/defeatPool','potentialCustomers/defeatPool/index',NULL,1,0,'C','0','0',NULL,'#','superadmin','2023-01-10 10:27:03','',NULL,''),
(2020,'取消分配',2003,7,'',NULL,NULL,1,0,'F','0','0','crm:customer:cancel','#','superadmin','2023-01-10 10:39:35','',NULL,''),
(2021,'转移',2003,8,'',NULL,NULL,1,0,'F','0','0','crm:customer:transfer','#','superadmin','2023-01-10 10:40:13','',NULL,''),
(2022,'查看更多',2003,9,'',NULL,NULL,1,0,'F','0','0','crm:customer:more','#','superadmin','2023-01-10 10:43:27','',NULL,''),
(2023,'查看详情',2003,10,'',NULL,NULL,1,0,'F','0','0','crm:customer:detail','#','superadmin','2023-01-10 10:44:04','',NULL,''),
(2024,'批量转移顾问',2003,11,'',NULL,NULL,1,0,'F','0','0','crm:customer:transferAll','#','superadmin','2023-01-10 12:05:12','superadmin','2023-01-10 12:05:37',''),
(2025,'调级',2003,12,'',NULL,NULL,1,0,'F','0','0','crm:customer:levelupd','#','superadmin','2023-01-10 12:07:06','',NULL,''),
(2026,'战败',2003,13,'',NULL,NULL,1,0,'F','0','0','crm:customer:failure','#','superadmin','2023-01-10 12:07:39','',NULL,''),
(2027,'企业管理',0,2,'enterpriseManage','',NULL,1,0,'M','0','0','','https://weilango.oss-cn-beijing.aliyuncs.com/icon/qiye.png','superadmin','2023-01-11 09:13:33','superadmin','2023-01-11 09:23:23',''),
(2028,'企业信息',2027,1,'/enterpriseInfo','layout/routerView/parent',NULL,1,0,'M','0','0','','#','superadmin','2023-01-11 09:14:16','superadmin','2023-01-11 09:41:25',''),
(2029,'区域管理',2028,1,'/region','enterpriseManage/enterpriseInfo/region/index',NULL,1,0,'C','0','0','','#','superadmin','2023-01-11 09:14:42','superadmin','2023-01-11 09:39:10',''),
(2030,'公司管理',2028,2,'/company','enterpriseManage/enterpriseInfo/company/index',NULL,1,0,'C','0','0','','#','superadmin','2023-01-11 09:15:15','superadmin','2023-01-11 09:39:26',''),
(2031,'分公司管理',2028,3,'/branchOffice','enterpriseManage/enterpriseInfo/branchOffice/index',NULL,1,0,'C','0','0','','#','superadmin','2023-01-11 09:15:46','superadmin','2023-01-11 09:39:34',''),
(2032,'新增',2028,4,'',NULL,NULL,1,0,'F','0','0','system:company:add','#','superadmin','2023-01-11 09:16:59','superadmin','2023-01-11 09:35:06',''),
(2033,'修改',2028,5,'',NULL,NULL,1,0,'F','0','0','system:company:edit','#','superadmin','2023-01-11 09:17:22','superadmin','2023-01-11 09:35:14',''),
(2034,'删除',2028,5,'',NULL,NULL,1,0,'F','0','0','system:company:delete','#','superadmin','2023-01-11 09:18:37','superadmin','2023-01-11 09:35:24',''),
(2035,'员工管理',2027,5,'/staff','enterpriseManage/staff/index',NULL,1,0,'C','0','0','','#','superadmin','2023-01-11 09:25:27','superadmin','2023-01-11 09:26:04',''),
(2036,'角色管理',2027,6,'/role','enterpriseManage/role/index',NULL,1,0,'C','0','0',NULL,'#','superadmin','2023-01-11 09:27:08','',NULL,''),
(2037,'权限管理',2027,7,'/jurisdiction','enterpriseManage/jurisdiction/index',NULL,1,0,'C','0','1','','#','superadmin','2023-01-11 09:27:42','superadmin','2023-02-02 14:37:06',''),
(2038,'部门管理',2027,8,'/dept','enterpriseManage/dept/index',NULL,1,0,'C','0','0',NULL,'#','superadmin','2023-01-11 09:28:06','',NULL,''),
(2039,'导出数据',2019,1,'',NULL,NULL,1,0,'F','0','0','crm:customer:failureExport','#','superadmin','2023-01-11 11:30:55','',NULL,''),
(2040,'激活',2019,2,'',NULL,NULL,1,0,'F','0','0','crm:customer:activate','#','superadmin','2023-01-11 11:32:23','',NULL,''),
(2041,'激活线索',2019,3,'',NULL,NULL,1,0,'F','0','0','crm:customer:activateAll','#','superadmin','2023-01-11 11:33:14','',NULL,''),
(2042,'查看',2019,4,'',NULL,NULL,1,0,'F','0','0','crm:customer:failureQuery','#','superadmin','2023-01-11 11:35:49','',NULL,''),
(2043,'导出数据',2014,1,'',NULL,NULL,1,0,'F','0','0','crm:customerRegister:export','#','superadmin','2023-01-11 16:47:35','',NULL,''),
(2044,'查看',2014,2,'',NULL,NULL,1,0,'F','0','0','crm:customerRegister:query','#','superadmin','2023-01-11 16:48:15','',NULL,''),
(2045,'新增来店',2014,3,'',NULL,NULL,1,0,'F','0','0','crm:customerRegister:add','#','superadmin','2023-01-11 16:48:40','',NULL,''),
(2046,'删除',2014,4,'',NULL,NULL,1,0,'F','0','0','crm:customerRegister:remove','#','superadmin','2023-01-11 16:49:10','',NULL,''),
(2047,'保存',2014,5,'',NULL,NULL,1,0,'F','0','0','crm:customerRegister:edit','#','superadmin','2023-01-11 17:48:30','',NULL,''),
(2048,'新增',2016,1,'',NULL,NULL,1,0,'F','0','0','crm:customerTrialrun:add','#','superadmin','2023-01-12 10:30:23','superadmin','2023-02-02 11:20:16',''),
(2049,'查看',2016,2,'',NULL,NULL,1,0,'F','0','0','crm:customerTrialrun:query','#','superadmin','2023-01-12 10:30:44','',NULL,''),
(2050,'重新预约',2016,2,'',NULL,NULL,1,0,'F','0','0','crm:customerTrialrun:edit','#','superadmin','2023-01-12 10:31:21','',NULL,''),
(2051,'导出数据',2016,5,'',NULL,NULL,1,0,'F','0','0','crm:customerTrialrun:export','#','superadmin','2023-01-12 10:31:49','',NULL,''),
(2052,'导入数据',2014,6,'',NULL,NULL,1,0,'F','0','0','crm:customerRegister:import','#','superadmin','2023-01-12 12:19:31','',NULL,''),
(2053,'待跟进-导入',2003,14,'',NULL,NULL,1,0,'F','0','0','crm:customer:noFollowExport','#','superadmin','2023-01-12 17:32:55','superadmin','2023-01-12 17:33:04',''),
(2054,'跟进中-导出',2003,15,'',NULL,NULL,1,0,'F','0','0','crm:customer:followingExport','#','superadmin','2023-01-12 17:36:29','',NULL,''),
(2055,'替换数据',2003,16,'',NULL,NULL,1,0,'F','0','0','crm:customer:repeat','#','superadmin','2023-01-13 12:20:32','',NULL,''),
(2056,'删除数据',2003,17,'',NULL,NULL,1,0,'F','0','0','crm:customer:repeatDelete','#','superadmin','2023-01-13 12:21:10','',NULL,''),
(2057,'系统管理',0,6,'sys','',NULL,1,0,'M','0','0','','https://weilango.oss-cn-beijing.aliyuncs.com/icon/xitong.png','superadmin','2023-01-16 17:04:10','superadmin','2023-01-16 17:33:43',''),
(2058,'任务管理',2057,1,'/task','task/index',NULL,1,0,'C','0','0','','#','superadmin','2023-01-16 17:21:35','superadmin','2023-01-16 17:24:44',''),
(2060,'轨迹详情',2003,20,'',NULL,NULL,1,0,'F','0','0','crm:customer:trackInfo','#','superadmin','2023-01-17 15:31:28','',NULL,''),
(2061,'新增试乘试驾',2002,8,'/textDrive/addTextDrive','potentialCustomers/textDrive/form/index',NULL,1,0,'C','1','0','','#','superadmin','2023-02-02 11:20:05','superadmin','2023-02-02 14:34:14',''),
(2062,'角色',2027,9,'/roleInfo','enterpriseManage/roleInfo',NULL,1,0,'C','1','0',NULL,'#','superadmin','2023-02-02 14:42:52','',NULL,''),
(2063,'新增',2029,1,'',NULL,NULL,1,0,'F','0','0','system:area:addarea','#','superadmin','2023-02-03 11:59:53','superadmin','2023-02-03 12:05:56',''),
(2064,'编辑',2029,2,'',NULL,NULL,1,0,'F','0','0','system:area:updatearea','#','superadmin','2023-02-03 12:13:50','',NULL,''),
(2065,'删除',2029,3,'',NULL,NULL,1,0,'F','0','0','system:area:deletearea','#','superadmin','2023-02-03 12:14:40','',NULL,''),
(2066,'新增',2035,1,'',NULL,NULL,1,0,'F','0','0','system:user:adduser','#','superadmin','2023-02-03 12:15:56','',NULL,''),
(2067,'编辑',2035,2,'',NULL,NULL,1,0,'F','0','0','system:user:edituser','#','superadmin','2023-02-03 12:17:02','',NULL,''),
(2068,'删除',2035,3,'',NULL,NULL,1,0,'F','0','0','system:user:deleteuser','#','superadmin','2023-02-03 12:17:59','',NULL,''),
(2069,'新增',2036,1,'',NULL,NULL,1,0,'F','0','0','system:role:add','#','superadmin','2023-02-03 12:23:02','',NULL,''),
(2071,'编辑',2036,2,'',NULL,NULL,1,0,'F','0','0','system:role:edit','#','superadmin','2023-02-03 12:24:06','superadmin','2023-02-03 12:24:41',''),
(2072,'删除',2036,3,'',NULL,NULL,1,0,'F','0','0','system:role:remove','#','superadmin','2023-02-03 12:24:35','',NULL,''),
(2073,'新增',2031,1,'',NULL,NULL,1,0,'F','0','0','system:filiale:add','#','superadmin','2023-02-03 12:26:34','',NULL,''),
(2074,'修改',2031,2,'',NULL,NULL,1,0,'F','0','0','system:filiale:edit','#','superadmin','2023-02-03 12:27:01','',NULL,''),
(2075,'删除',2031,3,'',NULL,NULL,1,0,'F','0','0','system:filiale:remove','#','superadmin','2023-02-03 12:27:24','',NULL,''),
(2076,'新增',2030,1,'',NULL,NULL,1,0,'F','0','0','system:company:add','#','superadmin','2023-02-03 12:27:42','',NULL,''),
(2077,'修改',2030,2,'',NULL,NULL,1,0,'F','0','0','system:company:edit','#','superadmin','2023-02-03 12:28:09','',NULL,''),
(2078,'删除',2030,3,'',NULL,NULL,1,0,'F','0','0','system:company:delete','#','superadmin','2023-02-03 12:28:32','',NULL,''),
(2079,'新增',2038,1,'',NULL,NULL,1,0,'F','0','0','system:dept:add','#','superadmin','2023-02-03 12:28:56','',NULL,''),
(2080,'修改',2038,2,'',NULL,NULL,1,0,'F','0','0','system:dept:edit','#','superadmin','2023-02-03 12:29:10','',NULL,''),
(2081,'删除',2038,3,'',NULL,NULL,1,0,'F','0','0','system:dept:remove','#','superadmin','2023-02-03 12:29:27','',NULL,''),
(2083,'停用',2035,4,'',NULL,NULL,1,0,'F','0','0','system:user:deactivateuser','#','superadmin','2023-02-03 15:10:44','',NULL,''),
(2084,'重置密码',2035,5,'',NULL,NULL,1,0,'F','0','0','system:user:resetpassword','#','superadmin','2023-02-03 15:12:23','',NULL,''),
(2085,'禁用',2036,4,'',NULL,NULL,1,0,'F','0','0','system:role:changestatus','#','superadmin','2023-02-03 15:15:39','',NULL,'');

/*Table structure for table `sys_message` */

DROP TABLE IF EXISTS `sys_message`;

CREATE TABLE `sys_message` (
  `id` bigint NOT NULL AUTO_INCREMENT COMMENT '数据序列',
  `type` char(1) CHARACTER SET utf8mb4 COLLATE utf8mb4_0900_ai_ci NOT NULL DEFAULT '' COMMENT '消息类型 1任务消息 2系统消息 3审批消息',
  `approval` char(1) CHARACTER SET utf8mb4 COLLATE utf8mb4_0900_ai_ci NOT NULL DEFAULT '0' COMMENT '审批状态 1已审批 2未审批 3已驳回 4不需要审批',
  `send_time` datetime NOT NULL COMMENT '消息被创建时间',
  `user_id` varchar(64) NOT NULL COMMENT '消息所属人id',
  `title` varchar(128) NOT NULL COMMENT '消息主题',
  `detail` json NOT NULL COMMENT '消息内容',
  `status` char(1) CHARACTER SET utf8mb4 COLLATE utf8mb4_0900_ai_ci NOT NULL DEFAULT '1' COMMENT '是否已读 0已读 1未读',
  `business_type` varchar(64) CHARACTER SET utf8mb4 COLLATE utf8mb4_0900_ai_ci NOT NULL DEFAULT '' COMMENT '消息业务类型',
  `del_flag` char(1) CHARACTER SET utf8mb4 COLLATE utf8mb4_0900_ai_ci NOT NULL DEFAULT '0' COMMENT '删除标志（0代表存在 1代表删除）',
  `create_by` varchar(64) CHARACTER SET utf8mb4 COLLATE utf8mb4_0900_ai_ci NOT NULL DEFAULT '' COMMENT '创建者',
  `create_time` datetime NOT NULL COMMENT '创建时间',
  `update_by` varchar(64) DEFAULT '' COMMENT '更新者',
  `update_time` datetime DEFAULT NULL COMMENT '更新时间',
  `remark` varchar(500) DEFAULT '' COMMENT '备注',
  PRIMARY KEY (`id`)
) ENGINE=InnoDB AUTO_INCREMENT=28 DEFAULT CHARSET=utf8mb4 COLLATE=utf8mb4_0900_ai_ci COMMENT='系统消息表';

/*Data for the table `sys_message` */

insert  into `sys_message`(`id`,`type`,`approval`,`send_time`,`user_id`,`title`,`detail`,`status`,`business_type`,`del_flag`,`create_by`,`create_time`,`update_by`,`update_time`,`remark`) values 
(27,'3','0','2023-03-03 12:17:53','2','测试向你申请线索耿海滨战败审批','{}','1','ZHAN_BAI_SHEN_PI','0','测试','2023-03-03 12:17:53','',NULL,'');

/*Table structure for table `sys_notice` */

DROP TABLE IF EXISTS `sys_notice`;

CREATE TABLE `sys_notice` (
  `notice_id` int NOT NULL AUTO_INCREMENT COMMENT '公告ID',
  `notice_title` varchar(50) NOT NULL COMMENT '公告标题',
  `notice_type` char(1) NOT NULL COMMENT '公告类型（1通知 2公告）',
  `notice_content` longblob COMMENT '公告内容',
  `status` char(1) DEFAULT '0' COMMENT '公告状态（0正常 1关闭）',
  `create_by` varchar(64) DEFAULT '' COMMENT '创建者',
  `create_time` datetime DEFAULT NULL COMMENT '创建时间',
  `update_by` varchar(64) DEFAULT '' COMMENT '更新者',
  `update_time` datetime DEFAULT NULL COMMENT '更新时间',
  `remark` varchar(255) DEFAULT NULL COMMENT '备注',
  PRIMARY KEY (`notice_id`)
) ENGINE=InnoDB AUTO_INCREMENT=10 DEFAULT CHARSET=utf8mb4 COLLATE=utf8mb4_0900_ai_ci COMMENT='通知公告表';

/*Data for the table `sys_notice` */

/*Table structure for table `sys_oper_log` */

DROP TABLE IF EXISTS `sys_oper_log`;

CREATE TABLE `sys_oper_log` (
  `oper_id` bigint NOT NULL AUTO_INCREMENT COMMENT '日志主键',
  `title` varchar(50) DEFAULT '' COMMENT '模块标题',
  `business_type` int DEFAULT '0' COMMENT '业务类型（0其它 1新增 2修改 3删除）',
  `method` varchar(100) DEFAULT '' COMMENT '方法名称',
  `request_method` varchar(10) DEFAULT '' COMMENT '请求方式',
  `operator_type` int DEFAULT '0' COMMENT '操作类别（0其它 1后台用户 2手机端用户）',
  `oper_name` varchar(50) DEFAULT '' COMMENT '操作人员',
  `dept_name` varchar(50) DEFAULT '' COMMENT '部门名称',
  `oper_url` varchar(255) DEFAULT '' COMMENT '请求URL',
  `oper_ip` varchar(128) DEFAULT '' COMMENT '主机地址',
  `oper_location` varchar(255) DEFAULT '' COMMENT '操作地点',
  `oper_param` varchar(2000) DEFAULT '' COMMENT '请求参数',
  `json_result` varchar(2000) DEFAULT '' COMMENT '返回参数',
  `status` int DEFAULT '0' COMMENT '操作状态（0正常 1异常）',
  `error_msg` varchar(2000) DEFAULT '' COMMENT '错误消息',
  `oper_time` datetime DEFAULT NULL COMMENT '操作时间',
  PRIMARY KEY (`oper_id`)
) ENGINE=InnoDB DEFAULT CHARSET=utf8mb4 COLLATE=utf8mb4_0900_ai_ci COMMENT='操作日志记录';

/*Data for the table `sys_oper_log` */

/*Table structure for table `sys_post` */

DROP TABLE IF EXISTS `sys_post`;

CREATE TABLE `sys_post` (
  `post_id` bigint NOT NULL AUTO_INCREMENT COMMENT '岗位ID',
  `post_code` varchar(64) NOT NULL COMMENT '岗位编码',
  `post_name` varchar(50) NOT NULL COMMENT '岗位名称',
  `post_sort` int NOT NULL COMMENT '显示顺序',
  `status` char(1) NOT NULL COMMENT '状态（0正常 1停用）',
  `create_by` varchar(64) DEFAULT '' COMMENT '创建者',
  `create_time` datetime DEFAULT NULL COMMENT '创建时间',
  `update_by` varchar(64) DEFAULT '' COMMENT '更新者',
  `update_time` datetime DEFAULT NULL COMMENT '更新时间',
  `remark` varchar(500) DEFAULT NULL COMMENT '备注',
  PRIMARY KEY (`post_id`)
) ENGINE=InnoDB AUTO_INCREMENT=5 DEFAULT CHARSET=utf8mb4 COLLATE=utf8mb4_0900_ai_ci COMMENT='岗位信息表';

/*Data for the table `sys_post` */

insert  into `sys_post`(`post_id`,`post_code`,`post_name`,`post_sort`,`status`,`create_by`,`create_time`,`update_by`,`update_time`,`remark`) values 
(1,'ceo','董事长',1,'0','admin','2022-12-27 17:50:08','',NULL,''),
(2,'se','项目经理',2,'0','admin','2022-12-27 17:50:08','',NULL,''),
(3,'hr','人力资源',3,'0','admin','2022-12-27 17:50:08','',NULL,''),
(4,'user','普通员工',4,'0','admin','2022-12-27 17:50:08','',NULL,'');

/*Table structure for table `sys_role` */

DROP TABLE IF EXISTS `sys_role`;

CREATE TABLE `sys_role` (
  `role_id` bigint NOT NULL AUTO_INCREMENT COMMENT '角色ID',
  `role_name` varchar(30) NOT NULL COMMENT '角色名称',
  `role_key` varchar(100) CHARACTER SET utf8mb4 COLLATE utf8mb4_0900_ai_ci DEFAULT NULL COMMENT '角色权限字符串',
  `role_sort` int DEFAULT NULL COMMENT '显示顺序',
  `data_scope` char(1) DEFAULT '1' COMMENT '数据范围（1：全部数据权限 2：自定数据权限 3：本部门数据权限 4：本部门及以下数据权限）',
  `menu_check_strictly` tinyint(1) DEFAULT '1' COMMENT '菜单树选择项是否关联显示',
  `dept_check_strictly` tinyint(1) DEFAULT '1' COMMENT '部门树选择项是否关联显示',
  `status` char(1) NOT NULL COMMENT '角色状态（0正常 1停用）',
  `role_des` varchar(500) CHARACTER SET utf8mb4 COLLATE utf8mb4_0900_ai_ci DEFAULT NULL COMMENT '角色描述',
  `del_flag` char(1) DEFAULT '0' COMMENT '删除标志（0代表存在 2代表删除）',
  `create_by` varchar(64) DEFAULT '' COMMENT '创建者',
  `create_time` datetime DEFAULT NULL COMMENT '创建时间',
  `update_by` varchar(64) DEFAULT '' COMMENT '更新者',
  `update_time` datetime DEFAULT NULL COMMENT '更新时间',
  `remark` varchar(500) DEFAULT NULL COMMENT '备注',
  PRIMARY KEY (`role_id`)
) ENGINE=InnoDB AUTO_INCREMENT=2082 DEFAULT CHARSET=utf8mb4 COLLATE=utf8mb4_0900_ai_ci COMMENT='角色信息表';

/*Data for the table `sys_role` */

insert  into `sys_role`(`role_id`,`role_name`,`role_key`,`role_sort`,`data_scope`,`menu_check_strictly`,`dept_check_strictly`,`status`,`role_des`,`del_flag`,`create_by`,`create_time`,`update_by`,`update_time`,`remark`) values 
(1,'超级管理员','admin',1,'1',1,1,'0',NULL,'0','admin','2022-12-27 17:50:10','',NULL,'超级管理员'),
(2,'普通角色','common',2,'3',0,0,'0','普通角色','0','admin','2022-12-27 17:50:10','gao','2023-02-09 17:49:25','普通角色'),
(100,'管理员','manager',0,'1',0,0,'0',NULL,'0','admin','2023-01-06 15:43:27','yang','2023-02-03 15:40:34',NULL);

/*Table structure for table `sys_role_dept` */

DROP TABLE IF EXISTS `sys_role_dept`;

CREATE TABLE `sys_role_dept` (
  `role_id` bigint NOT NULL COMMENT '角色ID',
  `dept_id` bigint NOT NULL COMMENT '部门ID',
  PRIMARY KEY (`role_id`,`dept_id`)
) ENGINE=InnoDB DEFAULT CHARSET=utf8mb4 COLLATE=utf8mb4_0900_ai_ci COMMENT='角色和部门关联表';

/*Data for the table `sys_role_dept` */

/*Table structure for table `sys_role_menu` */

DROP TABLE IF EXISTS `sys_role_menu`;

CREATE TABLE `sys_role_menu` (
  `role_id` bigint NOT NULL COMMENT '角色ID',
  `menu_id` bigint NOT NULL COMMENT '菜单ID',
  PRIMARY KEY (`role_id`,`menu_id`)
) ENGINE=InnoDB DEFAULT CHARSET=utf8mb4 COLLATE=utf8mb4_0900_ai_ci COMMENT='角色和菜单关联表';

/*Data for the table `sys_role_menu` */

insert  into `sys_role_menu`(`role_id`,`menu_id`) values 
(2,2002),
(2,2003),
(2,2004),
(2,2005),
(2,2006),
(2,2007),
(2,2008),
(2,2009),
(2,2010),
(2,2011),
(2,2012),
(2,2013),
(2,2014),
(2,2015),
(2,2016),
(2,2017),
(2,2018),
(2,2019),
(2,2020),
(2,2021),
(2,2022),
(2,2023),
(2,2024),
(2,2025),
(2,2026),
(2,2039),
(2,2040),
(2,2041),
(2,2042),
(2,2043),
(2,2044),
(2,2045),
(2,2046),
(2,2047),
(2,2048),
(2,2049),
(2,2050),
(2,2051),
(2,2052),
(2,2053),
(2,2054),
(2,2055),
(2,2056),
(2,2061),
(100,2000),
(100,2001),
(100,2002),
(100,2003),
(100,2004),
(100,2005),
(100,2006),
(100,2007),
(100,2008),
(100,2009),
(100,2010),
(100,2011),
(100,2012),
(100,2013),
(100,2014),
(100,2015),
(100,2016),
(100,2017),
(100,2018),
(100,2019),
(100,2020),
(100,2021),
(100,2022),
(100,2023),
(100,2024),
(100,2025),
(100,2026),
(100,2027),
(100,2028),
(100,2029),
(100,2030),
(100,2031),
(100,2032),
(100,2033),
(100,2034),
(100,2035),
(100,2036),
(100,2037),
(100,2038),
(100,2039),
(100,2040),
(100,2041),
(100,2042),
(100,2043),
(100,2044),
(100,2045),
(100,2046),
(100,2047),
(100,2048),
(100,2049),
(100,2050),
(100,2051),
(100,2052),
(100,2053),
(100,2054),
(100,2055),
(100,2056),
(100,2057),
(100,2058),
(100,2061),
(100,2062),
(100,2063),
(100,2064),
(100,2065),
(100,2066),
(100,2067),
(100,2068),
(100,2069),
(100,2071),
(100,2072),
(100,2073),
(100,2074),
(100,2075),
(100,2076),
(100,2077),
(100,2078),
(100,2079),
(100,2080),
(100,2081),
(100,2083),
(100,2084),
(100,2085),
(2078,2000),
(2078,2001),
(2078,2002),
(2078,2003),
(2078,2004),
(2078,2005),
(2078,2006),
(2078,2007),
(2078,2008),
(2078,2009),
(2078,2010),
(2078,2011),
(2078,2012),
(2078,2013),
(2078,2014),
(2078,2015),
(2078,2016),
(2078,2017),
(2078,2018),
(2078,2019),
(2078,2020),
(2078,2021),
(2078,2022),
(2078,2023),
(2078,2024),
(2078,2025),
(2078,2026),
(2078,2027),
(2078,2028),
(2078,2029),
(2078,2030),
(2078,2031),
(2078,2032),
(2078,2033),
(2078,2034),
(2078,2035),
(2078,2036),
(2078,2037),
(2078,2038),
(2078,2039),
(2078,2040),
(2078,2041),
(2078,2042),
(2078,2043),
(2078,2044),
(2078,2045),
(2078,2046),
(2078,2047),
(2078,2048),
(2078,2049),
(2078,2050),
(2078,2051),
(2078,2052),
(2078,2053),
(2078,2054),
(2078,2055),
(2078,2056),
(2078,2057),
(2078,2058),
(2078,2061),
(2078,2062),
(2078,2063),
(2078,2064),
(2078,2065),
(2078,2066),
(2078,2067),
(2078,2068),
(2078,2069),
(2078,2071),
(2078,2072),
(2078,2073),
(2078,2074),
(2078,2075),
(2078,2076),
(2078,2077),
(2078,2078),
(2078,2079),
(2078,2080),
(2078,2081),
(2078,2083),
(2078,2084),
(2078,2085),
(2079,2000),
(2079,2001),
(2079,2002),
(2079,2003),
(2079,2004),
(2079,2005),
(2079,2006),
(2079,2007),
(2079,2008),
(2079,2009),
(2079,2010),
(2079,2011),
(2079,2012),
(2079,2013),
(2079,2014),
(2079,2015),
(2079,2016),
(2079,2017),
(2079,2018),
(2079,2019),
(2079,2020),
(2079,2021),
(2079,2022),
(2079,2023),
(2079,2024),
(2079,2025),
(2079,2026),
(2079,2027),
(2079,2028),
(2079,2029),
(2079,2030),
(2079,2031),
(2079,2032),
(2079,2033),
(2079,2034),
(2079,2035),
(2079,2036),
(2079,2037),
(2079,2038),
(2079,2039),
(2079,2040),
(2079,2041),
(2079,2042),
(2079,2043),
(2079,2044),
(2079,2045),
(2079,2046),
(2079,2047),
(2079,2048),
(2079,2049),
(2079,2050),
(2079,2051),
(2079,2052),
(2079,2053),
(2079,2054),
(2079,2055),
(2079,2056),
(2079,2057),
(2079,2058),
(2079,2061),
(2079,2062),
(2079,2063),
(2079,2064),
(2079,2065),
(2079,2066),
(2079,2067),
(2079,2068),
(2079,2069),
(2079,2071),
(2079,2072),
(2079,2073),
(2079,2074),
(2079,2075),
(2079,2076),
(2079,2077),
(2079,2078),
(2079,2079),
(2079,2080),
(2079,2081),
(2079,2083),
(2079,2084),
(2079,2085),
(2080,2032),
(2081,2032),
(2081,2063),
(2081,2066),
(2081,2069),
(2081,2073),
(2081,2076),
(2081,2079);

/*Table structure for table `sys_task` */

DROP TABLE IF EXISTS `sys_task`;

CREATE TABLE `sys_task` (
  `id` bigint NOT NULL AUTO_INCREMENT COMMENT 'id\r\n',
  `processor_id` bigint DEFAULT NULL COMMENT '处理人的用户id',
  `title` varchar(128) CHARACTER SET utf8mb4 COLLATE utf8mb4_0900_ai_ci DEFAULT '' COMMENT '任务标题',
  `type` char(1) CHARACTER SET utf8mb4 COLLATE utf8mb4_0900_ai_ci DEFAULT '' COMMENT '任务类型：1待处理任务 2已处理任务 3已发起任务 ',
  `business_type` varchar(2) CHARACTER SET utf8mb4 COLLATE utf8mb4_0900_ai_ci DEFAULT '' COMMENT '任务业务类型 01战败审批 02意向客户级别调整',
  `business_id` bigint DEFAULT NULL COMMENT '业务id',
  `sponsor_user_id` bigint DEFAULT NULL COMMENT '发起人id',
  `sponsor_user_name` varchar(64) CHARACTER SET utf8mb4 COLLATE utf8mb4_0900_ai_ci DEFAULT NULL COMMENT '发起人名称',
  `affiliated_unit` varchar(128) CHARACTER SET utf8mb4 COLLATE utf8mb4_0900_ai_ci DEFAULT '' COMMENT '所属单位',
  `sponsor_time` datetime DEFAULT NULL COMMENT '发送时间',
  `approval_leave_msg` varchar(255) DEFAULT NULL COMMENT '审批留言',
  `approval_time` datetime DEFAULT NULL COMMENT '审批时间',
  `approval_status` varchar(2) CHARACTER SET utf8mb4 COLLATE utf8mb4_0900_ai_ci DEFAULT NULL COMMENT '1已审批 2 未审批 3 已驳回 4 不需要审批',
  `detail` json DEFAULT NULL COMMENT '任务详情',
  `create_by` varchar(64) CHARACTER SET utf8mb4 COLLATE utf8mb4_0900_ai_ci DEFAULT NULL COMMENT '创建人',
  `create_time` datetime DEFAULT NULL COMMENT '创建时间',
  `update_by` varchar(64) DEFAULT NULL COMMENT '修改人',
  `update_time` datetime DEFAULT NULL COMMENT '修改时间',
  `del_flag` char(1) CHARACTER SET utf8mb4 COLLATE utf8mb4_0900_ai_ci DEFAULT '0' COMMENT '删除标志（0代表存在 1代表删除）',
  `remark` varchar(256) DEFAULT NULL COMMENT '备注',
  PRIMARY KEY (`id`)
) ENGINE=InnoDB DEFAULT CHARSET=utf8mb4 COLLATE=utf8mb4_0900_ai_ci COMMENT='任务表';

/*Data for the table `sys_task` */

/*Table structure for table `sys_user` */

DROP TABLE IF EXISTS `sys_user`;

CREATE TABLE `sys_user` (
  `user_id` bigint NOT NULL AUTO_INCREMENT COMMENT '用户ID',
  `dept_id` bigint DEFAULT NULL COMMENT '部门ID',
  `dept_name` varchar(64) DEFAULT NULL COMMENT '部门名称',
  `dept_tree` json DEFAULT NULL COMMENT '部门组织树',
  `user_name` varchar(64) CHARACTER SET utf8mb4 COLLATE utf8mb4_0900_ai_ci NOT NULL COMMENT '用户账号',
  `nick_name` varchar(64) CHARACTER SET utf8mb4 COLLATE utf8mb4_0900_ai_ci NOT NULL COMMENT '用户昵称',
  `id_card_type` varchar(2) DEFAULT NULL COMMENT '证件类型',
  `id_card_num` varchar(128) DEFAULT NULL COMMENT '证件号码',
  `user_type` varchar(2) DEFAULT '00' COMMENT '用户类型（00系统用户）',
  `email` varchar(64) CHARACTER SET utf8mb4 COLLATE utf8mb4_0900_ai_ci DEFAULT '' COMMENT '用户邮箱',
  `phonenumber` varchar(128) CHARACTER SET utf8mb4 COLLATE utf8mb4_0900_ai_ci DEFAULT '' COMMENT '手机号码',
  `sex` char(1) DEFAULT '0' COMMENT '用户性别（0男 1女 2未知）',
  `avatar` varchar(100) DEFAULT '' COMMENT '头像地址',
  `password` varchar(128) CHARACTER SET utf8mb4 COLLATE utf8mb4_0900_ai_ci DEFAULT '' COMMENT '密码',
  `date_of_birth` datetime DEFAULT NULL ON UPDATE CURRENT_TIMESTAMP COMMENT '出生日期',
  `city_code` int DEFAULT NULL COMMENT '所属城市行政编码',
  `city_name` varchar(64) CHARACTER SET utf8mb4 COLLATE utf8mb4_0900_ai_ci DEFAULT NULL COMMENT '所属城市名称',
  `company_id` varchar(64) DEFAULT NULL COMMENT '公司id',
  `company_name` varchar(128) DEFAULT NULL COMMENT '公司名称',
  `filiale_id` varchar(64) CHARACTER SET utf8mb4 COLLATE utf8mb4_0900_ai_ci DEFAULT NULL COMMENT '分公司id',
  `filiale_name` varchar(64) DEFAULT NULL COMMENT '分公司名称',
  `position_name` varchar(64) DEFAULT NULL COMMENT '岗位名称',
  `roles_id` bigint DEFAULT NULL COMMENT '角色id',
  `role_name` varchar(64) DEFAULT NULL COMMENT '角色名称',
  `direct_superior` varchar(64) DEFAULT NULL COMMENT '直属上级',
  `status` char(1) DEFAULT '0' COMMENT '帐号状态（0正常 1停用）',
  `del_flag` char(1) DEFAULT '0' COMMENT '删除标志（0代表存在 2代表删除）',
  `login_ip` varchar(128) DEFAULT '' COMMENT '最后登录IP',
  `login_date` datetime DEFAULT NULL COMMENT '最后登录时间',
  `create_by` varchar(64) DEFAULT '' COMMENT '创建者',
  `create_time` datetime DEFAULT NULL COMMENT '创建时间',
  `update_by` varchar(64) DEFAULT '' COMMENT '更新者',
  `update_time` datetime DEFAULT NULL COMMENT '更新时间',
  `remark` varchar(500) DEFAULT NULL COMMENT '备注',
  PRIMARY KEY (`user_id`)
) ENGINE=InnoDB AUTO_INCREMENT=160 DEFAULT CHARSET=utf8mb4 COLLATE=utf8mb4_0900_ai_ci COMMENT='用户信息表';

/*Data for the table `sys_user` */

insert  into `sys_user`(`user_id`,`dept_id`,`dept_name`,`dept_tree`,`user_name`,`nick_name`,`id_card_type`,`id_card_num`,`user_type`,`email`,`phonenumber`,`sex`,`avatar`,`password`,`date_of_birth`,`city_code`,`city_name`,`company_id`,`company_name`,`filiale_id`,`filiale_name`,`position_name`,`roles_id`,`role_name`,`direct_superior`,`status`,`del_flag`,`login_ip`,`login_date`,`create_by`,`create_time`,`update_by`,`update_time`,`remark`) values 
(2,181,'teste01','{\"label\": [\"蔚蓝出行\", \"test\", \"teste01\"], \"value\": [181, 186, 187]}','demo','测试',NULL,NULL,'00','tianshu@qq.com','micIMnx1jAhraI1X3QaZqA==','1','','$2a$10$Njb6lLGNEcTWTtIpI0sRzOST0GCyRt.Qjk2C1Z4fSlC9s0B/af1ai','2023-03-08 10:10:13',NULL,NULL,NULL,NULL,NULL,NULL,NULL,2,'普通角色',NULL,'0','0','125.76.212.167','2023-03-08 10:10:13','admin','2022-12-27 17:50:07','admin','2023-03-08 10:10:13','测试员');

/*Table structure for table `sys_user_post` */

DROP TABLE IF EXISTS `sys_user_post`;

CREATE TABLE `sys_user_post` (
  `user_id` bigint NOT NULL COMMENT '用户ID',
  `post_id` bigint NOT NULL COMMENT '岗位ID',
  PRIMARY KEY (`user_id`,`post_id`)
) ENGINE=InnoDB DEFAULT CHARSET=utf8mb4 COLLATE=utf8mb4_0900_ai_ci COMMENT='用户与岗位关联表';

/*Data for the table `sys_user_post` */

insert  into `sys_user_post`(`user_id`,`post_id`) values 
(1,1),
(2,2);

/*Table structure for table `sys_user_role` */

DROP TABLE IF EXISTS `sys_user_role`;

CREATE TABLE `sys_user_role` (
  `user_id` bigint NOT NULL COMMENT '用户ID',
  `role_id` bigint NOT NULL COMMENT '角色ID',
  PRIMARY KEY (`user_id`,`role_id`)
) ENGINE=InnoDB DEFAULT CHARSET=utf8mb4 COLLATE=utf8mb4_0900_ai_ci COMMENT='用户和角色关联表';

/*Data for the table `sys_user_role` */

insert  into `sys_user_role`(`user_id`,`role_id`) values 
(2,100);

/*Table structure for table `sys_version` */

DROP TABLE IF EXISTS `sys_version`;

CREATE TABLE `sys_version` (
  `id` bigint NOT NULL AUTO_INCREMENT COMMENT 'ID',
  `type` varchar(64) CHARACTER SET utf8mb4 COLLATE utf8mb4_0900_ai_ci DEFAULT '' COMMENT 'pc,smallpro',
  `version` varchar(64) CHARACTER SET utf8mb4 COLLATE utf8mb4_0900_ai_ci DEFAULT '' COMMENT '版本号',
  `service_phone` varchar(64) CHARACTER SET utf8mb4 COLLATE utf8mb4_0900_ai_ci DEFAULT '' COMMENT '客服电话',
  `del_flag` char(1) CHARACTER SET utf8mb4 COLLATE utf8mb4_0900_ai_ci DEFAULT '0' COMMENT '删除标志（0代表存在 1代表删除）',
  `create_by` varchar(64) DEFAULT '' COMMENT '创建者',
  `create_time` datetime DEFAULT NULL COMMENT '创建时间',
  `update_by` varchar(64) DEFAULT '' COMMENT '更新者',
  `update_time` datetime DEFAULT NULL COMMENT '更新时间',
  `remark` varchar(500) DEFAULT '' COMMENT '备注',
  KEY `id` (`id`)
) ENGINE=InnoDB AUTO_INCREMENT=3 DEFAULT CHARSET=utf8mb4 COLLATE=utf8mb4_0900_ai_ci;

/*Data for the table `sys_version` */

insert  into `sys_version`(`id`,`type`,`version`,`service_phone`,`del_flag`,`create_by`,`create_time`,`update_by`,`update_time`,`remark`) values 
(1,'PC','V1.0.0','4000531100','1','','2023-02-06 09:21:39','',NULL,'');

/*Table structure for table `sys_wechattalk_dept` */

DROP TABLE IF EXISTS `sys_wechattalk_dept`;

CREATE TABLE `sys_wechattalk_dept` (
  `id` bigint NOT NULL AUTO_INCREMENT COMMENT '部门ID',
  `name` varchar(64) CHARACTER SET utf8mb4 COLLATE utf8mb4_0900_ai_ci DEFAULT NULL COMMENT '部门名称',
  `parent_id` bigint DEFAULT NULL COMMENT '父部门id',
  `order` int DEFAULT NULL COMMENT '在父部门中的次序值',
  `department_leader` json DEFAULT NULL COMMENT '部门负责人',
  KEY `id` (`id`)
) ENGINE=InnoDB AUTO_INCREMENT=3 DEFAULT CHARSET=utf8mb4 COLLATE=utf8mb4_0900_ai_ci;

/*Data for the table `sys_wechattalk_dept` */

insert  into `sys_wechattalk_dept`(`id`,`name`,`parent_id`,`order`,`department_leader`) values 
(1,'测试有限公司',0,100000000,NULL),
(2,'其他(待设置部门)',1,100000000,NULL);

/*Table structure for table `sys_wechattalk_user` */

DROP TABLE IF EXISTS `sys_wechattalk_user`;

CREATE TABLE `sys_wechattalk_user` (
  `user_id` bigint NOT NULL AUTO_INCREMENT COMMENT '	成员UserID',
  `name` varchar(64) DEFAULT NULL COMMENT '	成员名称',
  `alias` varchar(64) DEFAULT NULL COMMENT '	成员别名',
  `mobile` varchar(64) DEFAULT NULL COMMENT '	手机号码',
  `department` varchar(64) DEFAULT NULL COMMENT '成员所属部门id列表',
  `order` int DEFAULT NULL COMMENT '	部门内的排序值',
  `position` varchar(64) DEFAULT NULL COMMENT '	职务信息',
  `gender` char(1) DEFAULT NULL COMMENT '	性别',
  `email` varchar(64) DEFAULT NULL COMMENT '	邮箱',
  `biz_mail` varchar(64) DEFAULT NULL COMMENT '企业邮箱',
  `is_leader_in_dept` varchar(64) DEFAULT NULL COMMENT '所在的部门内是否为部门负责人',
  `direct_leader` varchar(64) DEFAULT NULL COMMENT '直属上级UserID',
  `enable` char(1) DEFAULT NULL COMMENT '	启用/禁用成员',
  `telephone` varchar(64) DEFAULT NULL COMMENT '	座机',
  `address` varchar(64) DEFAULT NULL COMMENT '	地址',
  `main_department` varchar(64) DEFAULT NULL COMMENT '主部门',
  KEY `user_id` (`user_id`)
) ENGINE=InnoDB DEFAULT CHARSET=utf8mb4 COLLATE=utf8mb4_0900_ai_ci;

/*Data for the table `sys_wechattalk_user` */

/*!40101 SET SQL_MODE=@OLD_SQL_MODE */;
/*!40014 SET UNIQUE_CHECKS=@OLD_UNIQUE_CHECKS */;
/*!40111 SET SQL_NOTES=@OLD_SQL_NOTES */;
